route_slug,dex_id,method,rate,level_min,level_max,conditions
twinleaf-town,54,surfing,90,20,40,
twinleaf-town,55,surfing,10,20,40,
twinleaf-town,129,fishing_old,65,10,10,
twinleaf-town,60,fishing_old,35,10,10,
twinleaf-town,129,fishing_good,65,25,25,
twinleaf-town,60,fishing_good,35,25,25,
twinleaf-town,130,fishing_super,65,50,50,
twinleaf-town,61,fishing_super,35,50,50,
route-201,396,walking,30,4,5,Morning
route-201,399,walking,30,4,5,Morning
route-201,16,walking,10,4,5,Morning
route-201,401,walking,10,4,5,Morning
route-201,32,walking,10,4,5,Morning
route-201,29,walking,10,4,5,Morning
route-201,396,walking,30,4,5,Day
route-201,399,walking,30,4,5,Day
route-201,16,walking,20,4,5,Day
route-201,32,walking,10,4,5,Day
route-201,29,walking,10,4,5,Day
route-201,396,walking,30,4,5,Night
route-201,399,walking,30,4,5,Night
route-201,163,walking,10,4,5,Night
route-201,401,walking,10,4,5,Night
route-201,32,walking,10,4,5,Night
route-201,29,walking,10,4,5,Night
route-201,84,poke_radar,22,4,5,
lake-verity,396,walking,30,4,5,Morning
lake-verity,399,walking,20,4,5,Morning
lake-verity,283,walking,20,4,5,Morning
lake-verity,298,walking,10,4,5,Morning
lake-verity,54,walking,10,4,5,Morning
lake-verity,278,walking,10,4,5,Morning
lake-verity,396,walking,30,4,5,Day
lake-verity,399,walking,20,4,5,Day
lake-verity,283,walking,20,4,5,Day
lake-verity,298,walking,10,4,5,Day
lake-verity,54,walking,10,4,5,Day
lake-verity,278,walking,10,4,5,Day
lake-verity,396,walking,30,4,5,Night
lake-verity,399,walking,20,4,5,Night
lake-verity,283,walking,20,4,5,Night
lake-verity,298,walking,10,4,5,Night
lake-verity,54,walking,10,4,5,Night
lake-verity,278,walking,10,4,5,Night
lake-verity,360,poke_radar,22,4,5,
lake-verity,283,surfing,90,20,40,
lake-verity,284,surfing,10,20,40,
lake-verity,129,fishing_old,100,10,10,
lake-verity,129,fishing_good,100,25,25,
lake-verity,130,fishing_super,100,50,50,
route-202,403,walking,20,5,6,Morning
route-202,263,walking,20,5,6,Morning
route-202,161,walking,20,5,6,Morning
route-202,19,walking,10,5,6,Morning
route-202,261,walking,10,5,6,Morning
route-202,58,walking,10,5,6,Morning
route-202,412,walking,10,5,6,Morning
route-202,403,walking,20,5,6,Day
route-202,263,walking,20,5,6,Day
route-202,161,walking,20,5,6,Day
route-202,19,walking,10,5,6,Day
route-202,261,walking,10,5,6,Day
route-202,58,walking,10,5,6,Day
route-202,412,walking,10,5,6,Day
route-202,403,walking,20,5,6,Night
route-202,263,walking,20,5,6,Night
route-202,163,walking,20,5,6,Night
route-202,19,walking,10,5,6,Night
route-202,261,walking,10,5,6,Night
route-202,58,walking,10,5,6,Night
route-202,412,walking,10,5,6,Night
route-202,228,poke_radar,22,5,6,
route-204-south,396,walking,20,6,7,Morning
route-204-south,406,walking,20,6,7,Morning
route-204-south,69,walking,10,6,7,Morning
route-204-south,280,walking,10,6,7,Morning
route-204-south,10,walking,10,6,7,Morning
route-204-south,13,walking,10,6,7,Morning
route-204-south,265,walking,10,6,7,Morning
route-204-south,165,walking,10,6,7,Morning
route-204-south,396,walking,20,6,7,Day
route-204-south,406,walking,20,6,7,Day
route-204-south,69,walking,10,6,7,Day
route-204-south,280,walking,10,6,7,Day
route-204-south,10,walking,10,6,7,Day
route-204-south,13,walking,10,6,7,Day
route-204-south,265,walking,10,6,7,Day
route-204-south,191,walking,10,6,7,Day
route-204-south,396,walking,20,6,7,Night
route-204-south,406,walking,20,6,7,Night
route-204-south,69,walking,10,6,7,Night
route-204-south,280,walking,10,6,7,Night
route-204-south,10,walking,10,6,7,Night
route-204-south,13,walking,10,6,7,Night
route-204-south,43,walking,10,6,7,Night
route-204-south,167,walking,10,6,7,Night
route-204-south,315,poke_radar,22,6,7,
route-204-south,183,surfing,90,20,40,
route-204-south,184,surfing,10,20,40,
route-204-south,129,fishing_old,60,10,10,
route-204-south,118,fishing_old,30,10,10,
route-204-south,341,fishing_old,10,10,10,
route-204-south,129,fishing_good,60,25,25,
route-204-south,118,fishing_good,30,25,25,
route-204-south,341,fishing_good,10,25,25,
route-204-south,130,fishing_super,60,50,50,
route-204-south,119,fishing_super,30,50,50,
route-204-south,342,fishing_super,10,50,50,
ravaged-path,41,walking,30,6,8,Morning
ravaged-path,74,walking,20,6,8,Morning
ravaged-path,194,walking,20,6,8,Morning
ravaged-path,54,walking,10,6,8,Morning
ravaged-path,27,walking,10,6,8,Morning
ravaged-path,296,walking,10,6,8,Morning
ravaged-path,41,walking,30,6,8,Day
ravaged-path,74,walking,20,6,8,Day
ravaged-path,194,walking,20,6,8,Day
ravaged-path,54,walking,10,6,8,Day
ravaged-path,27,walking,10,6,8,Day
ravaged-path,296,walking,10,6,8,Day
ravaged-path,41,walking,30,6,8,Night
ravaged-path,74,walking,20,6,8,Night
ravaged-path,194,walking,20,6,8,Night
ravaged-path,54,walking,10,6,8,Night
ravaged-path,27,walking,10,6,8,Night
ravaged-path,296,walking,10,6,8,Night
ravaged-path,194,surfing,90,20,40,
ravaged-path,195,surfing,10,20,40,
ravaged-path,129,fishing_old,65,10,10,
ravaged-path,339,fishing_old,35,10,10,
ravaged-path,129,fishing_good,65,25,25,
ravaged-path,339,fishing_good,35,25,25,
ravaged-path,130,fishing_super,65,50,50,
ravaged-path,340,fishing_super,35,50,50,
route-203,396,walking,25,7,8,Morning
route-203,399,walking,20,7,8,Morning
route-203,21,walking,15,7,8,Morning
route-203,273,walking,10,7,8,Morning
route-203,270,walking,10,7,8,Morning
route-203,104,walking,10,7,8,Morning
route-203,63,walking,10,7,8,Morning
route-203,396,walking,25,7,8,Day
route-203,399,walking,20,7,8,Day
route-203,21,walking,15,7,8,Day
route-203,273,walking,10,7,8,Day
route-203,270,walking,10,7,8,Day
route-203,104,walking,10,7,8,Day
route-203,63,walking,10,7,8,Day
route-203,396,walking,25,7,8,Night
route-203,399,walking,20,7,8,Night
route-203,21,walking,15,7,8,Night
route-203,273,walking,10,7,8,Night
route-203,270,walking,10,7,8,Night
route-203,104,walking,10,7,8,Night
route-203,63,walking,10,7,8,Night
route-203,204,poke_radar,22,7,8,
route-203,54,surfing,90,20,40,
route-203,55,surfing,10,20,40,
route-203,129,fishing_old,65,10,10,
route-203,341,fishing_old,35,10,10,
route-203,129,fishing_good,60,25,25,
route-203,341,fishing_good,35,25,25,
route-203,130,fishing_super,60,50,50,
route-203,342,fishing_super,35,50,50,
oreburgh-gate-1f,41,walking,35,7,9,Morning
oreburgh-gate-1f,74,walking,35,7,9,Morning
oreburgh-gate-1f,50,walking,20,7,9,Morning
oreburgh-gate-1f,447,walking,10,7,9,Morning
oreburgh-gate-1f,41,walking,35,7,9,Day
oreburgh-gate-1f,74,walking,35,7,9,Day
oreburgh-gate-1f,50,walking,20,7,9,Day
oreburgh-gate-1f,447,walking,10,7,9,Day
oreburgh-gate-1f,41,walking,35,7,9,Night
oreburgh-gate-1f,74,walking,35,7,9,Night
oreburgh-gate-1f,50,walking,20,7,9,Night
oreburgh-gate-1f,447,walking,10,7,9,Night
oreburgh-gate-b1f,41,walking,35,8,10,Morning
oreburgh-gate-b1f,74,walking,35,8,10,Morning
oreburgh-gate-b1f,50,walking,20,8,10,Morning
oreburgh-gate-b1f,447,walking,10,8,10,Morning
oreburgh-gate-b1f,41,walking,35,8,10,Day
oreburgh-gate-b1f,74,walking,35,8,10,Day
oreburgh-gate-b1f,50,walking,20,8,10,Day
oreburgh-gate-b1f,447,walking,10,8,10,Day
oreburgh-gate-b1f,41,walking,35,8,10,Night
oreburgh-gate-b1f,74,walking,35,8,10,Night
oreburgh-gate-b1f,50,walking,20,8,10,Night
oreburgh-gate-b1f,447,walking,10,8,10,Night
oreburgh-gate-b1f,41,surfing,90,20,40,
oreburgh-gate-b1f,42,surfing,10,20,40,
oreburgh-gate-b1f,129,fishing_old,65,10,10,
oreburgh-gate-b1f,339,fishing_old,35,10,10,
oreburgh-gate-b1f,129,fishing_good,65,25,25,
oreburgh-gate-b1f,339,fishing_good,35,25,25,
oreburgh-gate-b1f,130,fishing_super,65,50,50,
oreburgh-gate-b1f,340,fishing_super,35,50,50,
route-207,66,walking,30,9,10,Morning
route-207,111,walking,20,9,10,Morning
route-207,77,walking,20,9,10,Morning
route-207,231,walking,20,9,10,Morning
route-207,246,walking,10,9,10,Morning
route-207,66,walking,30,9,10,Day
route-207,111,walking,20,9,10,Day
route-207,77,walking,20,9,10,Day
route-207,231,walking,20,9,10,Day
route-207,246,walking,10,9,10,Day
route-207,66,walking,30,9,10,Night
route-207,111,walking,20,9,10,Night
route-207,77,walking,20,9,10,Night
route-207,231,walking,20,9,10,Night
route-207,246,walking,10,9,10,Night
route-207,234,poke_radar,22,9,10,
route-207,190,honey_tree,30,21,21,
route-207,287,honey_tree,20,21,21,
route-207,11,honey_tree,20,21,21,
route-207,14,honey_tree,20,21,21,
route-207,446,honey_tree,10,21,21,
oreburgh-mine-1f,74,walking,25,9,10,Morning
oreburgh-mine-1f,41,walking,25,9,10,Morning
oreburgh-mine-1f,293,walking,20,9,10,Morning
oreburgh-mine-1f,304,walking,10,9,10,Morning
oreburgh-mine-1f,95,walking,10,9,10,Morning
oreburgh-mine-1f,328,walking,10,9,10,Morning
oreburgh-mine-1f,74,walking,25,9,10,Day
oreburgh-mine-1f,41,walking,25,9,10,Day
oreburgh-mine-1f,293,walking,20,9,10,Day
oreburgh-mine-1f,304,walking,10,9,10,Day
oreburgh-mine-1f,95,walking,10,9,10,Day
oreburgh-mine-1f,328,walking,10,9,10,Day
oreburgh-mine-1f,74,walking,25,9,10,Night
oreburgh-mine-1f,41,walking,25,9,10,Night
oreburgh-mine-1f,293,walking,20,9,10,Night
oreburgh-mine-1f,304,walking,10,9,10,Night
oreburgh-mine-1f,95,walking,10,9,10,Night
oreburgh-mine-1f,328,walking,10,9,10,Night
oreburgh-mine-b1f,74,walking,25,10,11,Morning
oreburgh-mine-b1f,41,walking,25,10,11,Morning
oreburgh-mine-b1f,293,walking,20,10,11,Morning
oreburgh-mine-b1f,304,walking,10,10,11,Morning
oreburgh-mine-b1f,95,walking,10,10,11,Morning
oreburgh-mine-b1f,328,walking,10,10,11,Morning
oreburgh-mine-b1f,74,walking,25,10,11,Day
oreburgh-mine-b1f,41,walking,25,10,11,Day
oreburgh-mine-b1f,293,walking,20,10,11,Day
oreburgh-mine-b1f,304,walking,10,10,11,Day
oreburgh-mine-b1f,95,walking,10,10,11,Day
oreburgh-mine-b1f,328,walking,10,10,11,Day
oreburgh-mine-b1f,74,walking,25,10,11,Night
oreburgh-mine-b1f,41,walking,25,10,11,Night
oreburgh-mine-b1f,293,walking,20,10,11,Night
oreburgh-mine-b1f,304,walking,10,10,11,Night
oreburgh-mine-b1f,95,walking,10,10,11,Night
oreburgh-mine-b1f,328,walking,10,10,11,Night
route-204-north,396,walking,20,11,12,Morning
route-204-north,406,walking,20,11,12,Morning
route-204-north,69,walking,10,11,12,Morning
route-204-north,280,walking,10,11,12,Morning
route-204-north,10,walking,10,11,12,Morning
route-204-north,13,walking,10,11,12,Morning
route-204-north,265,walking,10,11,12,Morning
route-204-north,165,walking,10,11,12,Morning
route-204-north,396,walking,20,11,12,Day
route-204-north,406,walking,20,11,12,Day
route-204-north,69,walking,10,11,12,Day
route-204-north,280,walking,10,11,12,Day
route-204-north,10,walking,10,11,12,Day
route-204-north,13,walking,10,11,12,Day
route-204-north,265,walking,10,11,12,Day
route-204-north,191,walking,10,11,12,Day
route-204-north,396,walking,20,11,12,Night
route-204-north,406,walking,20,11,12,Night
route-204-north,69,walking,10,11,12,Night
route-204-north,280,walking,10,11,12,Night
route-204-north,10,walking,10,11,12,Night
route-204-north,13,walking,10,11,12,Night
route-204-north,43,walking,10,11,12,Night
route-204-north,167,walking,10,11,12,Night
route-204-north,315,poke_radar,22,11,12,
valley-windworks,81,walking,20,11,13,Morning
valley-windworks,239,walking,20,11,13,Morning
valley-windworks,309,walking,20,11,13,Morning
valley-windworks,100,walking,20,11,13,Morning
valley-windworks,425,walking,10,11,13,Morning
valley-windworks,417,walking,10,11,13,Morning
valley-windworks,81,walking,20,11,13,Day
valley-windworks,239,walking,20,11,13,Day
valley-windworks,309,walking,20,11,13,Day
valley-windworks,100,walking,20,11,13,Day
valley-windworks,425,walking,10,11,13,Day
valley-windworks,417,walking,10,11,13,Day
valley-windworks,81,walking,20,11,13,Night
valley-windworks,239,walking,20,11,13,Night
valley-windworks,309,walking,20,11,13,Night
valley-windworks,100,walking,20,11,13,Night
valley-windworks,425,walking,10,11,13,Night
valley-windworks,417,walking,10,11,13,Night
valley-windworks,311,poke_radar,11,11,13,
valley-windworks,312,poke_radar,11,11,13,
valley-windworks,422,surfing,60,20,40,
valley-windworks,72,surfing,30,20,40,
valley-windworks,423,surfing,5,20,40,
valley-windworks,73,surfing,5,20,40,
valley-windworks,129,fishing_old,60,10,10,
valley-windworks,90,fishing_old,30,10,10,
valley-windworks,170,fishing_old,10,10,10,
valley-windworks,129,fishing_good,60,25,25,
valley-windworks,90,fishing_good,30,25,25,
valley-windworks,170,fishing_good,10,25,25,
valley-windworks,130,fishing_super,60,50,50,
valley-windworks,91,fishing_super,30,50,50,
valley-windworks,171,fishing_super,10,50,50,
valley-windworks,190,honey_tree,30,12,12,
valley-windworks,287,honey_tree,20,12,12,
valley-windworks,10,honey_tree,20,12,12,
valley-windworks,13,honey_tree,20,12,12,
valley-windworks,446,honey_tree,10,12,12,
floaroma-meadow,420,honey_tree,30,12,12,
floaroma-meadow,285,honey_tree,20,12,12,
floaroma-meadow,102,honey_tree,20,12,12,
floaroma-meadow,273,honey_tree,20,12,12,
floaroma-meadow,114,honey_tree,10,12,12,
route-205-south,422,walking,30,11,13,Morning
route-205-south,179,walking,20,11,13,Morning
route-205-south,418,walking,20,11,13,Morning
route-205-south,187,walking,20,11,13,Morning
route-205-south,417,walking,10,11,13,Morning
route-205-south,422,walking,30,11,13,Day
route-205-south,179,walking,20,11,13,Day
route-205-south,418,walking,20,11,13,Day
route-205-south,187,walking,20,11,13,Day
route-205-south,417,walking,10,11,13,Day
route-205-south,422,walking,30,11,13,Night
route-205-south,179,walking,20,11,13,Night
route-205-south,418,walking,20,11,13,Night
route-205-south,48,walking,20,11,13,Night
route-205-south,417,walking,10,11,13,Night
route-205-south,311,poke_radar,11,11,13,
route-205-south,312,poke_radar,11,11,13,
route-205-south,422,surfing,60,20,40,
route-205-south,72,surfing,30,20,40,
route-205-south,423,surfing,5,20,40,
route-205-south,73,surfing,5,20,40,
route-205-south,129,fishing_old,60,10,10,
route-205-south,90,fishing_old,30,10,10,
route-205-south,170,fishing_old,10,10,10,
route-205-south,129,fishing_good,60,25,25,
route-205-south,90,fishing_good,30,25,25,
route-205-south,170,fishing_good,10,25,25,
route-205-south,130,fishing_super,60,50,50,
route-205-south,91,fishing_super,30,50,50,
route-205-south,171,fishing_super,10,50,50,
route-205-south,415,honey_tree,30,12,12,
route-205-south,412,honey_tree,20,12,12,
route-205-south,204,honey_tree,20,12,12,
route-205-south,265,honey_tree,20,12,12,
route-205-south,214,honey_tree,10,12,12,
eterna-forest,427,walking,30,14,16,Morning
eterna-forest,285,walking,20,14,16,Morning
eterna-forest,46,walking,20,14,16,Morning
eterna-forest,287,walking,10,14,16,Morning
eterna-forest,290,walking,10,14,16,Morning
eterna-forest,276,walking,10,14,16,Morning
eterna-forest,427,walking,30,14,16,Day
eterna-forest,285,walking,20,14,16,Day
eterna-forest,46,walking,20,14,16,Day
eterna-forest,287,walking,10,14,16,Day
eterna-forest,290,walking,10,14,16,Day
eterna-forest,276,walking,10,14,16,Day
eterna-forest,427,walking,30,14,16,Night
eterna-forest,285,walking,20,14,16,Night
eterna-forest,198,walking,10,14,16,Night
eterna-forest,200,walking,10,14,16,Night
eterna-forest,287,walking,10,14,16,Night
eterna-forest,290,walking,10,14,16,Night
eterna-forest,276,walking,10,14,16,Night
eterna-forest,267,poke_radar,11,14,16,
eterna-forest,269,poke_radar,11,14,16,
eterna-forest-outside,15,honey_tree,100,15,15,
old-chateau-all-rooms,92,walking,40,15,18,Morning
old-chateau-all-rooms,19,walking,30,15,18,Morning
old-chateau-all-rooms,355,walking,10,15,18,Morning
old-chateau-all-rooms,353,walking,10,15,18,Morning
old-chateau-all-rooms,20,walking,5,15,18,Morning
old-chateau-all-rooms,93,walking,5,15,18,Morning
old-chateau-all-rooms,92,walking,40,15,18,Day
old-chateau-all-rooms,19,walking,30,15,18,Day
old-chateau-all-rooms,355,walking,10,15,18,Day
old-chateau-all-rooms,353,walking,10,15,18,Day
old-chateau-all-rooms,20,walking,5,15,18,Day
old-chateau-all-rooms,93,walking,5,15,18,Day
old-chateau-all-rooms,92,walking,40,15,18,Night
old-chateau-all-rooms,19,walking,30,15,18,Night
old-chateau-all-rooms,355,walking,10,15,18,Night
old-chateau-all-rooms,353,walking,10,15,18,Night
old-chateau-all-rooms,20,walking,5,15,18,Night
old-chateau-all-rooms,93,walking,5,15,18,Night
route-205-north,399,walking,20,15,17,Morning
route-205-north,79,walking,20,15,17,Morning
route-205-north,183,walking,20,15,17,Morning
route-205-north,453,walking,10,15,17,Morning
route-205-north,102,walking,10,15,17,Morning
route-205-north,313,walking,10,15,17,Morning
route-205-north,314,walking,10,15,17,Morning
route-205-north,399,walking,20,15,17,Day
route-205-north,79,walking,20,15,17,Day
route-205-north,183,walking,20,15,17,Day
route-205-north,453,walking,10,15,17,Day
route-205-north,102,walking,10,15,17,Day
route-205-north,313,walking,10,15,17,Day
route-205-north,314,walking,10,15,17,Day
route-205-north,399,walking,20,15,17,Night
route-205-north,79,walking,20,15,17,Night
route-205-north,183,walking,20,15,17,Night
route-205-north,453,walking,10,15,17,Night
route-205-north,102,walking,10,15,17,Night
route-205-north,313,walking,10,15,17,Night
route-205-north,314,walking,10,15,17,Night
route-205-north,193,poke_radar,22,15,17,
route-205-north,183,surfing,90,20,40,
route-205-north,184,surfing,10,20,40,
route-205-north,129,fishing_old,65,10,10,
route-205-north,341,fishing_old,35,10,10,
route-205-north,129,fishing_good,65,25,25,
route-205-north,341,fishing_good,35,25,25,
route-205-north,130,fishing_super,65,50,50,
route-205-north,342,fishing_super,35,50,50,
route-205-north,396,honey_tree,30,16,16,
route-205-north,16,honey_tree,20,16,16,
route-205-north,163,honey_tree,20,16,16,
route-205-north,276,honey_tree,20,16,16,
route-205-north,83,honey_tree,10,16,16,
eterna-city,54,surfing,90,20,40,
eterna-city,55,surfing,10,20,40,
eterna-city,129,fishing_old,60,10,10,
eterna-city,60,fishing_old,30,10,10,
eterna-city,147,fishing_old,10,10,10,
eterna-city,129,fishing_good,60,25,25,
eterna-city,60,fishing_good,30,25,25,
eterna-city,147,fishing_good,10,25,25,
eterna-city,130,fishing_super,60,50,50,
eterna-city,61,fishing_super,30,50,50,
eterna-city,148,fishing_super,10,50,50,
route-211-west,307,walking,30,16,18,Morning
route-211-west,66,walking,20,16,18,Morning
route-211-west,333,walking,20,16,18,Morning
route-211-west,216,walking,10,16,18,Morning
route-211-west,177,walking,10,16,18,Morning
route-211-west,433,walking,10,16,18,Morning
route-211-west,307,walking,30,16,18,Day
route-211-west,66,walking,20,16,18,Day
route-211-west,333,walking,20,16,18,Day
route-211-west,216,walking,10,16,18,Day
route-211-west,177,walking,10,16,18,Day
route-211-west,433,walking,10,16,18,Day
route-211-west,307,walking,30,16,18,Night
route-211-west,66,walking,20,16,18,Night
route-211-west,333,walking,20,16,18,Night
route-211-west,216,walking,10,16,18,Night
route-211-west,177,walking,10,16,18,Night
route-211-west,433,walking,10,16,18,Night
route-211-west,236,poke_radar,22,16,18,
mt-coronet-route-211-entrance,74,walking,20,16,18,Morning
mt-coronet-route-211-entrance,436,walking,20,16,18,Morning
mt-coronet-route-211-entrance,173,walking,10,16,18,Morning
mt-coronet-route-211-entrance,299,walking,10,16,18,Morning
mt-coronet-route-211-entrance,433,walking,10,16,18,Morning
mt-coronet-route-211-entrance,41,walking,10,16,18,Morning
mt-coronet-route-211-entrance,374,walking,10,16,18,Morning
mt-coronet-route-211-entrance,338,walking,5,16,18,Morning
mt-coronet-route-211-entrance,337,walking,5,16,18,Morning
mt-coronet-route-211-entrance,74,walking,20,16,18,Day
mt-coronet-route-211-entrance,436,walking,20,16,18,Day
mt-coronet-route-211-entrance,173,walking,10,16,18,Day
mt-coronet-route-211-entrance,299,walking,10,16,18,Day
mt-coronet-route-211-entrance,433,walking,10,16,18,Day
mt-coronet-route-211-entrance,41,walking,10,16,18,Day
mt-coronet-route-211-entrance,374,walking,10,16,18,Day
mt-coronet-route-211-entrance,338,walking,5,16,18,Day
mt-coronet-route-211-entrance,337,walking,5,16,18,Day
mt-coronet-route-211-entrance,74,walking,20,16,18,Night
mt-coronet-route-211-entrance,436,walking,20,16,18,Night
mt-coronet-route-211-entrance,173,walking,10,16,18,Night
mt-coronet-route-211-entrance,299,walking,10,16,18,Night
mt-coronet-route-211-entrance,433,walking,10,16,18,Night
mt-coronet-route-211-entrance,41,walking,10,16,18,Night
mt-coronet-route-211-entrance,374,walking,10,16,18,Night
mt-coronet-route-211-entrance,338,walking,5,16,18,Night
mt-coronet-route-211-entrance,337,walking,5,16,18,Night
route-211-east,307,walking,30,18,19,Morning
route-211-east,66,walking,20,18,19,Morning
route-211-east,333,walking,20,18,19,Morning
route-211-east,216,walking,10,18,19,Morning
route-211-east,177,walking,10,18,19,Morning
route-211-east,371,walking,10,18,19,Morning
route-211-east,307,walking,30,18,19,Day
route-211-east,66,walking,20,18,19,Day
route-211-east,333,walking,20,18,19,Day
route-211-east,216,walking,10,18,19,Day
route-211-east,177,walking,10,18,19,Day
route-211-east,371,walking,10,18,19,Day
route-211-east,307,walking,30,18,19,Night
route-211-east,66,walking,20,18,19,Night
route-211-east,333,walking,20,18,19,Night
route-211-east,216,walking,10,18,19,Night
route-211-east,177,walking,10,18,19,Night
route-211-east,371,walking,10,18,19,Night
route-211-east,236,poke_radar,22,18,19,
route-211-east,190,honey_tree,30,18,18,
route-211-east,287,honey_tree,20,18,18,
route-211-east,11,honey_tree,20,18,18,
route-211-east,14,honey_tree,20,18,18,
route-211-east,446,honey_tree,10,18,18,
mt-coronet-tunnel-to-route-211-entrance,74,walking,20,18,19,Morning
mt-coronet-tunnel-to-route-211-entrance,436,walking,20,18,19,Morning
mt-coronet-tunnel-to-route-211-entrance,35,walking,10,18,19,Morning
mt-coronet-tunnel-to-route-211-entrance,299,walking,10,18,19,Morning
mt-coronet-tunnel-to-route-211-entrance,358,walking,10,18,19,Morning
mt-coronet-tunnel-to-route-211-entrance,41,walking,10,18,19,Morning
mt-coronet-tunnel-to-route-211-entrance,374,walking,10,18,19,Morning
mt-coronet-tunnel-to-route-211-entrance,338,walking,5,18,19,Morning
mt-coronet-tunnel-to-route-211-entrance,337,walking,5,18,19,Morning
mt-coronet-tunnel-to-route-211-entrance,74,walking,20,18,19,Day
mt-coronet-tunnel-to-route-211-entrance,436,walking,20,18,19,Day
mt-coronet-tunnel-to-route-211-entrance,35,walking,10,18,19,Day
mt-coronet-tunnel-to-route-211-entrance,299,walking,10,18,19,Day
mt-coronet-tunnel-to-route-211-entrance,358,walking,10,18,19,Day
mt-coronet-tunnel-to-route-211-entrance,41,walking,10,18,19,Day
mt-coronet-tunnel-to-route-211-entrance,374,walking,10,18,19,Day
mt-coronet-tunnel-to-route-211-entrance,338,walking,5,18,19,Day
mt-coronet-tunnel-to-route-211-entrance,337,walking,5,18,19,Day
mt-coronet-tunnel-to-route-211-entrance,74,walking,20,18,19,Night
mt-coronet-tunnel-to-route-211-entrance,436,walking,20,18,19,Night
mt-coronet-tunnel-to-route-211-entrance,35,walking,10,18,19,Night
mt-coronet-tunnel-to-route-211-entrance,299,walking,10,18,19,Night
mt-coronet-tunnel-to-route-211-entrance,358,walking,10,18,19,Night
mt-coronet-tunnel-to-route-211-entrance,41,walking,10,18,19,Night
mt-coronet-tunnel-to-route-211-entrance,374,walking,10,18,19,Night
mt-coronet-tunnel-to-route-211-entrance,338,walking,5,18,19,Night
mt-coronet-tunnel-to-route-211-entrance,337,walking,5,18,19,Night
mt-coronet-b1f,74,walking,20,18,20,Morning
mt-coronet-b1f,436,walking,20,18,20,Morning
mt-coronet-b1f,35,walking,10,18,20,Morning
mt-coronet-b1f,299,walking,10,18,20,Morning
mt-coronet-b1f,358,walking,10,18,20,Morning
mt-coronet-b1f,41,walking,10,18,20,Morning
mt-coronet-b1f,375,walking,10,18,20,Morning
mt-coronet-b1f,338,walking,5,18,20,Morning
mt-coronet-b1f,337,walking,5,18,20,Morning
mt-coronet-b1f,74,walking,20,18,20,Day
mt-coronet-b1f,436,walking,20,18,20,Day
mt-coronet-b1f,35,walking,10,18,20,Day
mt-coronet-b1f,299,walking,10,18,20,Day
mt-coronet-b1f,358,walking,10,18,20,Day
mt-coronet-b1f,41,walking,10,18,20,Day
mt-coronet-b1f,375,walking,10,18,20,Day
mt-coronet-b1f,338,walking,5,18,20,Day
mt-coronet-b1f,337,walking,5,18,20,Day
mt-coronet-b1f,74,walking,20,18,20,Night
mt-coronet-b1f,436,walking,20,18,20,Night
mt-coronet-b1f,35,walking,10,18,20,Night
mt-coronet-b1f,299,walking,10,18,20,Night
mt-coronet-b1f,358,walking,10,18,20,Night
mt-coronet-b1f,41,walking,10,18,20,Night
mt-coronet-b1f,375,walking,10,18,20,Night
mt-coronet-b1f,338,walking,5,18,20,Night
mt-coronet-b1f,337,walking,5,18,20,Night
mt-coronet-b1f,363,surfing,60,30,45,
mt-coronet-b1f,86,surfing,30,30,45,
mt-coronet-b1f,364,surfing,10,30,45,
mt-coronet-b1f,349,fishing_old,100,10,10,
mt-coronet-b1f,349,fishing_good,100,25,25,
mt-coronet-b1f,349,fishing_super,100,50,50,
mt-coronet-route-216-entrance,74,walking,20,18,19,Morning
mt-coronet-route-216-entrance,436,walking,20,18,19,Morning
mt-coronet-route-216-entrance,35,walking,10,18,19,Morning
mt-coronet-route-216-entrance,299,walking,10,18,19,Morning
mt-coronet-route-216-entrance,358,walking,10,18,19,Morning
mt-coronet-route-216-entrance,41,walking,10,18,19,Morning
mt-coronet-route-216-entrance,374,walking,10,18,19,Morning
mt-coronet-route-216-entrance,338,walking,5,18,19,Morning
mt-coronet-route-216-entrance,337,walking,5,18,19,Morning
mt-coronet-route-216-entrance,74,walking,20,18,19,Day
mt-coronet-route-216-entrance,436,walking,20,18,19,Day
mt-coronet-route-216-entrance,35,walking,10,18,19,Day
mt-coronet-route-216-entrance,299,walking,10,18,19,Day
mt-coronet-route-216-entrance,358,walking,10,18,19,Day
mt-coronet-route-216-entrance,41,walking,10,18,19,Day
mt-coronet-route-216-entrance,374,walking,10,18,19,Day
mt-coronet-route-216-entrance,338,walking,5,18,19,Day
mt-coronet-route-216-entrance,337,walking,5,18,19,Day
mt-coronet-route-216-entrance,74,walking,20,18,19,Night
mt-coronet-route-216-entrance,436,walking,20,18,19,Night
mt-coronet-route-216-entrance,35,walking,10,18,19,Night
mt-coronet-route-216-entrance,299,walking,10,18,19,Night
mt-coronet-route-216-entrance,358,walking,10,18,19,Night
mt-coronet-route-216-entrance,41,walking,10,18,19,Night
mt-coronet-route-216-entrance,374,walking,10,18,19,Night
mt-coronet-route-216-entrance,338,walking,5,18,19,Night
mt-coronet-route-216-entrance,337,walking,5,18,19,Night
route-216,459,walking,30,18,20,Morning
route-216,220,walking,25,18,20,Morning
route-216,238,walking,20,18,20,Morning
route-216,361,walking,15,18,20,Morning
route-216,215,walking,10,18,20,Morning
route-216,459,walking,30,18,20,Day
route-216,220,walking,25,18,20,Day
route-216,238,walking,20,18,20,Day
route-216,361,walking,15,18,20,Day
route-216,215,walking,10,18,20,Day
route-216,459,walking,30,18,20,Night
route-216,220,walking,25,18,20,Night
route-216,238,walking,20,18,20,Night
route-216,361,walking,15,18,20,Night
route-216,215,walking,10,18,20,Night
route-216,225,poke_radar,22,18,20,
route-206,434,walking,20,20,22,Morning
route-206,218,walking,20,20,22,Morning
route-206,56,walking,20,20,22,Morning
route-206,240,walking,10,20,22,Morning
route-206,325,walking,10,20,22,Morning
route-206,322,walking,10,20,22,Morning
route-206,207,walking,10,20,22,Morning
route-206,434,walking,20,20,22,Day
route-206,218,walking,20,20,22,Day
route-206,56,walking,20,20,22,Day
route-206,240,walking,10,20,22,Day
route-206,325,walking,10,20,22,Day
route-206,322,walking,10,20,22,Day
route-206,207,walking,10,20,22,Day
route-206,434,walking,20,20,22,Night
route-206,218,walking,20,20,22,Night
route-206,56,walking,20,20,22,Night
route-206,240,walking,10,20,22,Night
route-206,325,walking,10,20,22,Night
route-206,322,walking,10,20,22,Night
route-206,207,walking,10,20,22,Night
route-206,324,poke_radar,22,20,22,
route-206,415,honey_tree,30,21,21,
route-206,412,honey_tree,20,21,21,
route-206,204,honey_tree,20,21,21,
route-206,266,honey_tree,10,21,21,
route-206,268,honey_tree,10,21,21,
route-206,214,honey_tree,10,21,21,
wayward-cave-both,41,walking,20,20,22,Morning
wayward-cave-both,74,walking,20,20,22,Morning
wayward-cave-both,443,walking,20,20,22,Morning
wayward-cave-both,343,walking,10,20,22,Morning
wayward-cave-both,27,walking,10,20,22,Morning
wayward-cave-both,95,walking,10,20,22,Morning
wayward-cave-both,302,walking,5,20,22,Morning
wayward-cave-both,303,walking,5,20,22,Morning
wayward-cave-both,41,walking,20,20,22,Day
wayward-cave-both,74,walking,20,20,22,Day
wayward-cave-both,443,walking,20,20,22,Day
wayward-cave-both,343,walking,10,20,22,Day
wayward-cave-both,27,walking,10,20,22,Day
wayward-cave-both,95,walking,10,20,22,Day
wayward-cave-both,302,walking,5,20,22,Day
wayward-cave-both,303,walking,5,20,22,Day
wayward-cave-both,41,walking,20,20,22,Night
wayward-cave-both,74,walking,20,20,22,Night
wayward-cave-both,443,walking,20,20,22,Night
wayward-cave-both,343,walking,10,20,22,Night
wayward-cave-both,27,walking,10,20,22,Night
wayward-cave-both,95,walking,10,20,22,Night
wayward-cave-both,302,walking,5,20,22,Night
wayward-cave-both,303,walking,5,20,22,Night
mt-coronet-route-207-entrance,74,walking,20,22,23,Morning
mt-coronet-route-207-entrance,436,walking,20,22,23,Morning
mt-coronet-route-207-entrance,35,walking,10,22,23,Morning
mt-coronet-route-207-entrance,299,walking,10,22,23,Morning
mt-coronet-route-207-entrance,358,walking,10,22,23,Morning
mt-coronet-route-207-entrance,42,walking,10,22,23,Morning
mt-coronet-route-207-entrance,375,walking,10,22,23,Morning
mt-coronet-route-207-entrance,338,walking,5,22,23,Morning
mt-coronet-route-207-entrance,337,walking,5,22,23,Morning
mt-coronet-route-207-entrance,74,walking,20,22,23,Day
mt-coronet-route-207-entrance,436,walking,20,22,23,Day
mt-coronet-route-207-entrance,35,walking,10,22,23,Day
mt-coronet-route-207-entrance,299,walking,10,22,23,Day
mt-coronet-route-207-entrance,358,walking,10,22,23,Day
mt-coronet-route-207-entrance,42,walking,10,22,23,Day
mt-coronet-route-207-entrance,375,walking,10,22,23,Day
mt-coronet-route-207-entrance,338,walking,5,22,23,Day
mt-coronet-route-207-entrance,337,walking,5,22,23,Day
mt-coronet-route-207-entrance,74,walking,20,22,23,Night
mt-coronet-route-207-entrance,436,walking,20,22,23,Night
mt-coronet-route-207-entrance,35,walking,10,22,23,Night
mt-coronet-route-207-entrance,299,walking,10,22,23,Night
mt-coronet-route-207-entrance,358,walking,10,22,23,Night
mt-coronet-route-207-entrance,42,walking,10,22,23,Night
mt-coronet-route-207-entrance,375,walking,10,22,23,Night
mt-coronet-route-207-entrance,338,walking,5,22,23,Night
mt-coronet-route-207-entrance,337,walking,5,22,23,Night
mt-coronet-route-207-entrance,41,surfing,90,20,40,
mt-coronet-route-207-entrance,42,surfing,10,20,40,
mt-coronet-route-207-entrance,129,fishing_old,65,10,10,
mt-coronet-route-207-entrance,339,fishing_old,35,10,10,
mt-coronet-route-207-entrance,129,fishing_good,65,25,25,
mt-coronet-route-207-entrance,339,fishing_good,35,25,25,
mt-coronet-route-207-entrance,130,fishing_super,65,50,50,
mt-coronet-route-207-entrance,340,fishing_super,35,50,50,
route-208,400,walking,20,23,24,Morning
route-208,315,walking,20,23,24,Morning
route-208,300,walking,10,23,24,Morning
route-208,39,walking,10,23,24,Morning
route-208,281,walking,10,23,24,Morning
route-208,335,walking,10,23,24,Morning
route-208,336,walking,10,23,24,Morning
route-208,235,walking,10,23,24,Morning
route-208,400,walking,20,23,24,Day
route-208,315,walking,20,23,24,Day
route-208,300,walking,10,23,24,Day
route-208,39,walking,10,23,24,Day
route-208,281,walking,10,23,24,Day
route-208,335,walking,10,23,24,Day
route-208,336,walking,10,23,24,Day
route-208,235,walking,10,23,24,Day
route-208,400,walking,20,23,24,Night
route-208,315,walking,20,23,24,Night
route-208,300,walking,10,23,24,Night
route-208,39,walking,10,23,24,Night
route-208,281,walking,10,23,24,Night
route-208,335,walking,10,23,24,Night
route-208,336,walking,10,23,24,Night
route-208,235,walking,10,23,24,Night
route-208,206,poke_radar,22,23,24,
route-208,54,surfing,90,20,40,
route-208,55,surfing,10,20,40,
route-208,129,fishing_old,60,10,10,
route-208,118,fishing_old,30,10,10,
route-208,223,fishing_old,10,10,10,
route-208,129,fishing_good,60,25,25,
route-208,118,fishing_good,30,25,25,
route-208,223,fishing_good,10,25,25,
route-208,130,fishing_super,60,50,50,
route-208,119,fishing_super,30,50,50,
route-208,224,fishing_super,10,50,50,
route-208,420,honey_tree,30,23,23,
route-208,285,honey_tree,20,23,23,
route-208,102,honey_tree,20,23,23,
route-208,273,honey_tree,20,23,23,
route-208,114,honey_tree,10,23,23,
route-212-north,397,walking,30,24,26,Morning
route-212-north,183,walking,20,24,26,Morning
route-212-north,315,walking,10,24,26,Morning
route-212-north,70,walking,10,24,26,Morning
route-212-north,44,walking,10,24,26,Morning
route-212-north,281,walking,10,24,26,Morning
route-212-north,235,walking,10,24,26,Morning
route-212-north,397,walking,30,24,26,Day
route-212-north,183,walking,20,24,26,Day
route-212-north,315,walking,10,24,26,Day
route-212-north,70,walking,10,24,26,Day
route-212-north,44,walking,10,24,26,Day
route-212-north,281,walking,10,24,26,Day
route-212-north,235,walking,10,24,26,Day
route-212-north,397,walking,30,24,26,Night
route-212-north,183,walking,20,24,26,Night
route-212-north,315,walking,10,24,26,Night
route-212-north,70,walking,10,24,26,Night
route-212-north,44,walking,10,24,26,Night
route-212-north,281,walking,10,24,26,Night
route-212-north,235,walking,10,24,26,Night
route-212-north,83,poke_radar,22,24,26,
route-212-north,183,surfing,90,20,40,
route-212-north,184,surfing,10,20,40,
route-212-north,129,fishing_old,65,10,10,
route-212-north,118,fishing_old,35,10,10,
route-212-north,129,fishing_good,65,25,25,
route-212-north,118,fishing_good,35,25,25,
route-212-north,130,fishing_super,65,50,50,
route-212-north,119,fishing_super,35,50,50,
route-212-north,420,honey_tree,30,25,25,
route-212-north,285,honey_tree,20,25,25,
route-212-north,102,honey_tree,20,25,25,
route-212-north,274,honey_tree,20,25,25,
route-212-north,114,honey_tree,10,25,25,
trophy-garden,172,walking,20,24,26,Morning
trophy-garden,25,walking,20,24,26,Morning
trophy-garden,173,walking,10,24,26,Morning
trophy-garden,174,walking,10,24,26,Morning
trophy-garden,175,walking,10,24,26,Morning
trophy-garden,137,walking,10,24,26,Morning
trophy-garden,440,walking,10,24,26,Morning
trophy-garden,133,walking,10,24,26,Morning
trophy-garden,172,walking,20,24,26,Day
trophy-garden,25,walking,20,24,26,Day
trophy-garden,173,walking,10,24,26,Day
trophy-garden,174,walking,10,24,26,Day
trophy-garden,175,walking,10,24,26,Day
trophy-garden,137,walking,10,24,26,Day
trophy-garden,440,walking,10,24,26,Day
trophy-garden,133,walking,10,24,26,Day
trophy-garden,172,walking,20,24,26,Night
trophy-garden,25,walking,20,24,26,Night
trophy-garden,173,walking,10,24,26,Night
trophy-garden,174,walking,10,24,26,Night
trophy-garden,175,walking,10,24,26,Night
trophy-garden,137,walking,10,24,26,Night
trophy-garden,440,walking,10,24,26,Night
trophy-garden,133,walking,10,24,26,Night
trophy-garden,351,poke_radar,22,24,26,
route-209,397,walking,20,24,26,Morning
route-209,431,walking,20,24,26,Morning
route-209,37,walking,10,24,26,Morning
route-209,438,walking,10,24,26,Morning
route-209,439,walking,10,24,26,Morning
route-209,209,walking,10,24,26,Morning
route-209,52,walking,10,24,26,Morning
route-209,113,walking,10,24,26,Morning
route-209,397,walking,20,24,26,Day
route-209,431,walking,20,24,26,Day
route-209,37,walking,10,24,26,Day
route-209,438,walking,10,24,26,Day
route-209,439,walking,10,24,26,Day
route-209,209,walking,10,24,26,Day
route-209,52,walking,10,24,26,Day
route-209,113,walking,10,24,26,Day
route-209,397,walking,20,24,26,Night
route-209,431,walking,20,24,26,Night
route-209,37,walking,10,24,26,Night
route-209,438,walking,10,24,26,Night
route-209,439,walking,10,24,26,Night
route-209,209,walking,10,24,26,Night
route-209,52,walking,10,24,26,Night
route-209,113,walking,10,24,26,Night
route-209,432,poke_radar,22,24,26,
route-209,54,surfing,90,20,40,
route-209,55,surfing,10,20,40,
route-209,129,fishing_old,65,10,10,
route-209,118,fishing_old,35,10,10,
route-209,129,fishing_good,65,25,25,
route-209,118,fishing_good,35,25,25,
route-209,130,fishing_super,65,50,50,
route-209,119,fishing_super,35,50,50,
route-209,397,honey_tree,30,27,27,
route-209,17,honey_tree,20,27,27,
route-209,164,honey_tree,20,27,27,
route-209,277,honey_tree,20,27,27,
route-209,83,honey_tree,10,27,27,
lost-tower,353,walking,20,26,30,Morning
lost-tower,355,walking,20,26,30,Morning
lost-tower,42,walking,15,26,30,Morning
lost-tower,93,walking,15,26,30,Morning
lost-tower,198,walking,10,26,30,Morning
lost-tower,200,walking,10,26,30,Morning
lost-tower,356,walking,5,26,30,Morning
lost-tower,354,walking,5,26,30,Morning
lost-tower,353,walking,20,26,30,Day
lost-tower,355,walking,20,26,30,Day
lost-tower,42,walking,15,26,30,Day
lost-tower,93,walking,15,26,30,Day
lost-tower,198,walking,10,26,30,Day
lost-tower,200,walking,10,26,30,Day
lost-tower,356,walking,5,26,30,Day
lost-tower,354,walking,5,26,30,Day
lost-tower,353,walking,20,26,30,Night
lost-tower,355,walking,20,26,30,Night
lost-tower,42,walking,15,26,30,Night
lost-tower,93,walking,15,26,30,Night
lost-tower,198,walking,10,26,30,Night
lost-tower,200,walking,10,26,30,Night
lost-tower,356,walking,5,26,30,Night
lost-tower,354,walking,5,26,30,Night
solaceon-ruins,201,walking,100,20,30,Morning
solaceon-ruins,201,walking,100,20,30,Day
solaceon-ruins,201,walking,100,20,30,Night
route-210-south,402,walking,20,28,30,Morning
route-210-south,274,walking,20,28,30,Morning
route-210-south,123,walking,15,28,30,Morning
route-210-south,127,walking,10,28,30,Morning
route-210-south,241,walking,10,28,30,Morning
route-210-south,128,walking,10,28,30,Morning
route-210-south,17,walking,10,28,30,Morning
route-210-south,78,walking,5,28,30,Morning
route-210-south,402,walking,20,28,30,Day
route-210-south,274,walking,20,28,30,Day
route-210-south,123,walking,15,28,30,Day
route-210-south,127,walking,10,28,30,Day
route-210-south,241,walking,10,28,30,Day
route-210-south,128,walking,10,28,30,Day
route-210-south,17,walking,10,28,30,Day
route-210-south,78,walking,5,28,30,Day
route-210-south,402,walking,20,28,30,Night
route-210-south,274,walking,20,28,30,Night
route-210-south,123,walking,15,28,30,Night
route-210-south,127,walking,10,28,30,Night
route-210-south,241,walking,10,28,30,Night
route-210-south,128,walking,10,28,30,Night
route-210-south,164,walking,10,28,30,Night
route-210-south,78,walking,5,28,30,Night
route-210-south,352,poke_radar,22,28,30,
route-210-south,415,honey_tree,30,29,29,
route-210-south,204,honey_tree,20,29,29,
route-210-south,266,honey_tree,10,29,29,
route-210-south,268,honey_tree,10,29,29,
route-210-south,413,honey_tree,10,29,29,
route-210-south,414,honey_tree,10,29,29,
route-210-south,214,honey_tree,10,29,29,
route-215,183,walking,25,27,30,Morning
route-215,96,walking,20,27,30,Morning
route-215,108,walking,15,27,30,Morning
route-215,64,walking,15,27,30,Morning
route-215,262,walking,10,27,30,Morning
route-215,264,walking,10,27,30,Morning
route-215,97,walking,5,27,30,Morning
route-215,183,walking,25,27,30,Day
route-215,96,walking,20,27,30,Day
route-215,108,walking,15,27,30,Day
route-215,64,walking,15,27,30,Day
route-215,262,walking,10,27,30,Day
route-215,264,walking,10,27,30,Day
route-215,97,walking,5,27,30,Day
route-215,183,walking,25,27,30,Night
route-215,96,walking,20,27,30,Night
route-215,108,walking,15,27,30,Night
route-215,64,walking,15,27,30,Night
route-215,262,walking,10,27,30,Night
route-215,264,walking,10,27,30,Night
route-215,97,walking,5,27,30,Night
route-215,359,poke_radar,22,27,30,
route-215,190,honey_tree,30,28,28,
route-215,288,honey_tree,20,28,28,
route-215,11,honey_tree,20,28,28,
route-215,14,honey_tree,20,28,28,
route-215,446,honey_tree,10,28,28,
route-214,75,walking,30,28,32,Morning
route-214,228,walking,20,28,32,Morning
route-214,111,walking,15,28,32,Morning
route-214,322,walking,15,28,32,Morning
route-214,325,walking,10,28,32,Morning
route-214,331,walking,10,28,32,Morning
route-214,75,walking,30,28,32,Day
route-214,228,walking,20,28,32,Day
route-214,111,walking,15,28,32,Day
route-214,322,walking,15,28,32,Day
route-214,325,walking,10,28,32,Day
route-214,331,walking,10,28,32,Day
route-214,75,walking,30,28,32,Night
route-214,228,walking,20,28,32,Night
route-214,111,walking,15,28,32,Night
route-214,322,walking,15,28,32,Night
route-214,325,walking,10,28,32,Night
route-214,331,walking,10,28,32,Night
route-214,327,poke_radar,22,28,32,
route-214,54,surfing,90,20,40,
route-214,55,surfing,10,20,40,
route-214,129,fishing_old,65,10,10,
route-214,118,fishing_old,35,10,10,
route-214,129,fishing_good,65,25,25,
route-214,118,fishing_good,35,25,25,
route-214,130,fishing_super,65,50,50,
route-214,119,fishing_super,35,50,50,
route-214,190,honey_tree,30,30,30,
route-214,288,honey_tree,20,30,30,
route-214,12,honey_tree,20,30,30,
route-214,15,honey_tree,20,30,30,
route-214,446,honey_tree,10,30,30,
maniac-tunnel,50,walking,25,28,32,Morning
maniac-tunnel,293,walking,20,28,32,Morning
maniac-tunnel,449,walking,15,28,32,Morning
maniac-tunnel,328,walking,15,28,32,Morning
maniac-tunnel,294,walking,10,28,32,Morning
maniac-tunnel,132,walking,10,28,32,Morning
maniac-tunnel,51,walking,5,28,32,Morning
maniac-tunnel,50,walking,25,28,32,Day
maniac-tunnel,293,walking,20,28,32,Day
maniac-tunnel,449,walking,15,28,32,Day
maniac-tunnel,328,walking,15,28,32,Day
maniac-tunnel,294,walking,10,28,32,Day
maniac-tunnel,132,walking,10,28,32,Day
maniac-tunnel,51,walking,5,28,32,Day
maniac-tunnel,50,walking,25,28,32,Night
maniac-tunnel,293,walking,20,28,32,Night
maniac-tunnel,449,walking,15,28,32,Night
maniac-tunnel,328,walking,15,28,32,Night
maniac-tunnel,294,walking,10,28,32,Night
maniac-tunnel,132,walking,10,28,32,Night
maniac-tunnel,51,walking,5,28,32,Night
valor-lakefront,203,walking,30,31,33,Morning
valor-lakefront,400,walking,20,31,33,Morning
valor-lakefront,30,walking,20,31,33,Morning
valor-lakefront,33,walking,20,31,33,Morning
valor-lakefront,402,walking,10,31,33,Morning
valor-lakefront,203,walking,30,31,33,Day
valor-lakefront,400,walking,20,31,33,Day
valor-lakefront,30,walking,20,31,33,Day
valor-lakefront,33,walking,20,31,33,Day
valor-lakefront,402,walking,10,31,33,Day
valor-lakefront,203,walking,30,31,33,Night
valor-lakefront,400,walking,20,31,33,Night
valor-lakefront,30,walking,20,31,33,Night
valor-lakefront,33,walking,20,31,33,Night
valor-lakefront,402,walking,10,31,33,Night
valor-lakefront,49,poke_radar,22,31,33,
route-213,423,walking,25,32,34,Morning
route-213,419,walking,20,32,34,Morning
route-213,279,walking,20,32,34,Morning
route-213,277,walking,20,32,34,Morning
route-213,441,walking,10,32,34,Morning
route-213,213,walking,5,32,34,Morning
route-213,423,walking,25,32,34,Day
route-213,419,walking,20,32,34,Day
route-213,279,walking,20,32,34,Day
route-213,277,walking,20,32,34,Day
route-213,441,walking,10,32,34,Day
route-213,213,walking,5,32,34,Day
route-213,423,walking,35,32,34,Night
route-213,419,walking,20,32,34,Night
route-213,279,walking,20,32,34,Night
route-213,277,walking,20,32,34,Night
route-213,213,walking,5,32,34,Night
route-213,359,poke_radar,22,32,34,
route-213,72,surfing,60,20,40,
route-213,278,surfing,30,20,40,
route-213,73,surfing,5,20,40,
route-213,279,surfing,5,20,40,
route-213,129,fishing_old,60,10,10,
route-213,223,fishing_old,30,10,10,
route-213,320,fishing_old,10,10,10,
route-213,129,fishing_good,60,25,25,
route-213,223,fishing_good,30,25,25,
route-213,320,fishing_good,10,25,25,
route-213,130,fishing_super,60,50,50,
route-213,224,fishing_super,30,50,50,
route-213,321,fishing_super,10,50,50,
route-213,397,honey_tree,30,33,33,
route-213,17,honey_tree,20,33,33,
route-213,164,honey_tree,20,33,33,
route-213,277,honey_tree,20,33,33,
route-213,83,honey_tree,10,33,33,
pastoria-city,72,surfing,60,20,40,
pastoria-city,422,surfing,30,20,40,
pastoria-city,73,surfing,5,20,40,
pastoria-city,423,surfing,5,20,40,
pastoria-city,129,fishing_old,60,10,10,
pastoria-city,60,fishing_old,30,10,10,
pastoria-city,318,fishing_old,10,10,10,
pastoria-city,129,fishing_good,60,25,25,
pastoria-city,60,fishing_good,30,25,25,
pastoria-city,318,fishing_good,10,25,25,
pastoria-city,130,fishing_super,60,50,50,
pastoria-city,61,fishing_super,30,50,50,
pastoria-city,319,fishing_super,10,50,50,
great-marsh-area-1-2,400,walking,30,33,36,Morning
great-marsh-area-1-2,195,walking,20,33,36,Morning
great-marsh-area-1-2,357,walking,20,33,36,Morning
great-marsh-area-1-2,114,walking,20,33,36,Morning
great-marsh-area-1-2,455,walking,10,33,36,Morning
great-marsh-area-1-2,400,walking,30,33,36,Day
great-marsh-area-1-2,195,walking,20,33,36,Day
great-marsh-area-1-2,357,walking,20,33,36,Day
great-marsh-area-1-2,114,walking,20,33,36,Day
great-marsh-area-1-2,455,walking,10,33,36,Day
great-marsh-area-1-2,400,walking,30,33,36,Night
great-marsh-area-1-2,195,walking,20,33,36,Night
great-marsh-area-1-2,357,walking,20,33,36,Night
great-marsh-area-1-2,114,walking,20,33,36,Night
great-marsh-area-1-2,455,walking,10,33,36,Night
great-marsh-area-1-2,194,surfing,90,20,40,
great-marsh-area-1-2,195,surfing,10,20,40,
great-marsh-area-1-2,129,fishing_old,60,10,10,
great-marsh-area-1-2,339,fishing_old,30,10,10,
great-marsh-area-1-2,318,fishing_old,10,10,10,
great-marsh-area-1-2,129,fishing_good,60,25,25,
great-marsh-area-1-2,339,fishing_good,30,25,25,
great-marsh-area-1-2,318,fishing_good,10,25,25,
great-marsh-area-1-2,130,fishing_super,60,50,50,
great-marsh-area-1-2,340,fishing_super,30,50,50,
great-marsh-area-1-2,319,fishing_super,10,50,50,
great-marsh-area-3-4,47,walking,30,33,36,Morning
great-marsh-area-3-4,102,walking,20,33,36,Morning
great-marsh-area-3-4,453,walking,20,33,36,Morning
great-marsh-area-3-4,454,walking,10,33,36,Morning
great-marsh-area-3-4,115,walking,10,33,36,Morning
great-marsh-area-3-4,193,walking,10,33,36,Morning
great-marsh-area-3-4,47,walking,30,33,36,Day
great-marsh-area-3-4,102,walking,20,33,36,Day
great-marsh-area-3-4,453,walking,20,33,36,Day
great-marsh-area-3-4,454,walking,10,33,36,Day
great-marsh-area-3-4,115,walking,10,33,36,Day
great-marsh-area-3-4,193,walking,10,33,36,Day
great-marsh-area-3-4,47,walking,30,33,36,Night
great-marsh-area-3-4,102,walking,20,33,36,Night
great-marsh-area-3-4,453,walking,20,33,36,Night
great-marsh-area-3-4,454,walking,10,33,36,Night
great-marsh-area-3-4,115,walking,10,33,36,Night
great-marsh-area-3-4,193,walking,10,33,36,Night
great-marsh-area-3-4,194,surfing,90,20,40,
great-marsh-area-3-4,195,surfing,10,20,40,
great-marsh-area-3-4,129,fishing_old,60,10,10,
great-marsh-area-3-4,339,fishing_old,30,10,10,
great-marsh-area-3-4,318,fishing_old,10,10,10,
great-marsh-area-3-4,129,fishing_good,60,25,25,
great-marsh-area-3-4,339,fishing_good,30,25,25,
great-marsh-area-3-4,318,fishing_good,10,25,25,
great-marsh-area-3-4,130,fishing_super,60,50,50,
great-marsh-area-3-4,340,fishing_super,30,50,50,
great-marsh-area-3-4,319,fishing_super,10,50,50,
great-marsh-area-5-6,451,walking,30,33,36,Morning
great-marsh-area-5-6,316,walking,20,33,36,Morning
great-marsh-area-5-6,285,walking,20,33,36,Morning
great-marsh-area-5-6,317,walking,10,33,36,Morning
great-marsh-area-5-6,286,walking,10,33,36,Morning
great-marsh-area-5-6,452,walking,10,33,36,Morning
great-marsh-area-5-6,451,walking,30,33,36,Day
great-marsh-area-5-6,316,walking,20,33,36,Day
great-marsh-area-5-6,285,walking,20,33,36,Day
great-marsh-area-5-6,317,walking,10,33,36,Day
great-marsh-area-5-6,286,walking,10,33,36,Day
great-marsh-area-5-6,452,walking,10,33,36,Day
great-marsh-area-5-6,451,walking,30,33,36,Night
great-marsh-area-5-6,316,walking,20,33,36,Night
great-marsh-area-5-6,285,walking,20,33,36,Night
great-marsh-area-5-6,317,walking,10,33,36,Night
great-marsh-area-5-6,286,walking,10,33,36,Night
great-marsh-area-5-6,452,walking,10,33,36,Night
great-marsh-area-5-6,194,surfing,90,20,40,
great-marsh-area-5-6,195,surfing,10,20,40,
great-marsh-area-5-6,129,fishing_old,60,10,10,
great-marsh-area-5-6,339,fishing_old,30,10,10,
great-marsh-area-5-6,318,fishing_old,10,10,10,
great-marsh-area-5-6,129,fishing_good,60,25,25,
great-marsh-area-5-6,339,fishing_good,30,25,25,
great-marsh-area-5-6,318,fishing_good,10,25,25,
great-marsh-area-5-6,130,fishing_super,60,50,50,
great-marsh-area-5-6,340,fishing_super,30,50,50,
great-marsh-area-5-6,319,fishing_super,10,50,50,
route-212-south,453,walking,20,33,36,Morning
route-212-south,88,walking,20,33,36,Morning
route-212-south,109,walking,15,33,36,Morning
route-212-south,23,walking,15,33,36,Morning
route-212-south,70,walking,10,33,36,Morning
route-212-south,271,walking,10,33,36,Morning
route-212-south,24,walking,5,33,36,Morning
route-212-south,454,walking,5,33,36,Morning
route-212-south,453,walking,20,33,36,Day
route-212-south,88,walking,20,33,36,Day
route-212-south,109,walking,15,33,36,Day
route-212-south,23,walking,15,33,36,Day
route-212-south,70,walking,10,33,36,Day
route-212-south,271,walking,10,33,36,Day
route-212-south,24,walking,5,33,36,Day
route-212-south,454,walking,5,33,36,Day
route-212-south,453,walking,20,33,36,Night
route-212-south,88,walking,20,33,36,Night
route-212-south,109,walking,15,33,36,Night
route-212-south,23,walking,15,33,36,Night
route-212-south,70,walking,10,33,36,Night
route-212-south,271,walking,10,33,36,Night
route-212-south,24,walking,5,33,36,Night
route-212-south,454,walking,5,33,36,Night
route-212-south,89,poke_radar,11,33,36,
route-212-south,110,poke_radar,11,33,36,
route-212-south,422,surfing,60,20,40,
route-212-south,194,surfing,30,20,40,
route-212-south,423,surfing,5,20,40,
route-212-south,195,surfing,5,20,40,
route-212-south,129,fishing_old,60,10,10,
route-212-south,339,fishing_old,30,10,10,
route-212-south,223,fishing_old,10,10,10,
route-212-south,129,fishing_good,60,25,25,
route-212-south,339,fishing_good,30,25,25,
route-212-south,223,fishing_good,10,25,25,
route-212-south,130,fishing_super,60,50,50,
route-212-south,340,fishing_super,30,50,50,
route-212-south,224,fishing_super,10,50,50,
route-212-south,421,honey_tree,30,34,34,
route-212-south,285,honey_tree,20,34,34,
route-212-south,102,honey_tree,20,34,34,
route-212-south,274,honey_tree,20,34,34,
route-212-south,114,honey_tree,10,34,34,
route-210-north,333,walking,20,34,38,Morning
route-210-north,22,walking,20,34,38,Morning
route-210-north,67,walking,10,34,38,Morning
route-210-north,426,walking,10,34,38,Morning
route-210-north,335,walking,10,34,38,Morning
route-210-north,336,walking,10,34,38,Morning
route-210-north,227,walking,10,34,38,Morning
route-210-north,372,walking,10,34,38,Morning
route-210-north,333,walking,20,34,38,Day
route-210-north,22,walking,20,34,38,Day
route-210-north,67,walking,10,34,38,Day
route-210-north,426,walking,10,34,38,Day
route-210-north,335,walking,10,34,38,Day
route-210-north,336,walking,10,34,38,Day
route-210-north,227,walking,10,34,38,Day
route-210-north,372,walking,10,34,38,Day
route-210-north,333,walking,20,34,38,Night
route-210-north,22,walking,20,34,38,Night
route-210-north,67,walking,10,34,38,Night
route-210-north,426,walking,10,34,38,Night
route-210-north,335,walking,10,34,38,Night
route-210-north,336,walking,10,34,38,Night
route-210-north,227,walking,10,34,38,Night
route-210-north,372,walking,10,34,38,Night
route-210-north,334,poke_radar,22,34,38,
route-210-north,54,surfing,90,20,40,
route-210-north,55,surfing,10,20,40,
route-210-north,129,fishing_old,60,10,10,
route-210-north,116,fishing_old,30,10,10,
route-210-north,147,fishing_old,10,10,10,
route-210-north,129,fishing_good,60,25,25,
route-210-north,116,fishing_good,30,25,25,
route-210-north,147,fishing_good,10,25,25,
route-210-north,130,fishing_super,60,50,50,
route-210-north,117,fishing_super,30,50,50,
route-210-north,148,fishing_super,10,50,50,
route-210-north,397,honey_tree,30,37,37,
route-210-north,17,honey_tree,20,37,37,
route-210-north,164,honey_tree,20,37,37,
route-210-north,277,honey_tree,20,37,37,
route-210-north,83,honey_tree,10,37,37,
celestic-town,54,surfing,90,20,40,
celestic-town,55,surfing,10,20,40,
celestic-town,129,fishing_old,90,10,10,
celestic-town,369,fishing_old,10,10,10,
celestic-town,129,fishing_good,90,25,25,
celestic-town,369,fishing_good,10,25,25,
celestic-town,130,fishing_super,90,50,50,
celestic-town,369,fishing_super,10,50,50,
route-219,278,surfing,60,30,45,
route-219,72,surfing,30,30,45,
route-219,279,surfing,5,30,45,
route-219,73,surfing,5,30,45,
route-219,98,fishing_old,60,10,10,
route-219,116,fishing_old,30,10,10,
route-219,366,fishing_old,10,10,10,
route-219,98,fishing_good,60,25,25,
route-219,116,fishing_good,30,25,25,
route-219,366,fishing_good,10,25,25,
route-219,99,fishing_super,60,50,50,
route-219,116,fishing_super,30,50,50,
route-219,367,fishing_super,5,50,50,
route-219,368,fishing_super,5,50,50,
route-220,278,surfing,60,30,45,
route-220,458,surfing,30,30,45,
route-220,279,surfing,5,30,45,
route-220,226,surfing,5,30,45,
route-220,370,fishing_old,60,10,10,
route-220,116,fishing_old,30,10,10,
route-220,222,fishing_old,10,10,10,
route-220,370,fishing_good,60,25,25,
route-220,116,fishing_good,30,25,25,
route-220,222,fishing_good,10,25,25,
route-220,370,fishing_super,60,50,50,
route-220,117,fishing_super,30,50,50,
route-220,222,fishing_super,10,50,50,
route-221,185,walking,20,38,40,Morning
route-221,435,walking,20,38,40,Morning
route-221,30,walking,15,38,40,Morning
route-221,33,walking,15,38,40,Morning
route-221,83,walking,10,38,40,Morning
route-221,203,walking,10,38,40,Morning
route-221,85,walking,10,38,40,Morning
route-221,185,walking,20,38,40,Day
route-221,435,walking,20,38,40,Day
route-221,30,walking,15,38,40,Day
route-221,33,walking,15,38,40,Day
route-221,83,walking,10,38,40,Day
route-221,203,walking,10,38,40,Day
route-221,85,walking,10,38,40,Day
route-221,185,walking,20,38,40,Night
route-221,435,walking,20,38,40,Night
route-221,30,walking,15,38,40,Night
route-221,33,walking,15,38,40,Night
route-221,83,walking,10,38,40,Night
route-221,203,walking,10,38,40,Night
route-221,85,walking,10,38,40,Night
route-221,278,surfing,60,30,45,
route-221,72,surfing,30,30,45,
route-221,279,surfing,5,30,45,
route-221,73,surfing,5,30,45,
route-221,98,fishing_old,60,10,10,
route-221,116,fishing_old,30,10,10,
route-221,366,fishing_old,10,10,10,
route-221,98,fishing_good,60,25,25,
route-221,116,fishing_good,30,25,25,
route-221,366,fishing_good,10,25,25,
route-221,99,fishing_super,60,50,50,
route-221,116,fishing_super,30,50,50,
route-221,367,fishing_super,5,50,50,
route-221,368,fishing_super,5,50,50,
route-221,421,honey_tree,30,39,39,
route-221,285,honey_tree,20,39,39,
route-221,102,honey_tree,20,39,39,
route-221,274,honey_tree,20,39,39,
route-221,114,honey_tree,10,39,39,
fuego-ironworks,81,walking,30,36,40,Morning
fuego-ironworks,126,walking,20,36,40,Morning
fuego-ironworks,82,walking,20,36,40,Morning
fuego-ironworks,310,walking,15,36,40,Morning
fuego-ironworks,205,walking,15,36,40,Morning
fuego-ironworks,81,walking,30,36,40,Day
fuego-ironworks,126,walking,20,36,40,Day
fuego-ironworks,82,walking,20,36,40,Day
fuego-ironworks,310,walking,15,36,40,Day
fuego-ironworks,205,walking,15,36,40,Day
fuego-ironworks,81,walking,30,36,40,Night
fuego-ironworks,126,walking,20,36,40,Night
fuego-ironworks,82,walking,20,36,40,Night
fuego-ironworks,310,walking,15,36,40,Night
fuego-ironworks,205,walking,15,36,40,Night
fuego-ironworks,110,poke_radar,22,36,40,
fuego-ironworks,422,surfing,60,30,45,
fuego-ironworks,72,surfing,30,30,45,
fuego-ironworks,423,surfing,5,30,45,
fuego-ironworks,73,surfing,5,30,45,
fuego-ironworks,129,fishing_old,100,10,10,
fuego-ironworks,129,fishing_good,65,25,25,
fuego-ironworks,456,fishing_good,35,25,25,
fuego-ironworks,130,fishing_super,60,50,50,
fuego-ironworks,457,fishing_super,35,50,50,
fuego-ironworks,90,fishing_super,5,50,50,
fuego-ironworks,415,honey_tree,30,40,40,
fuego-ironworks,205,honey_tree,10,40,40,
fuego-ironworks,413,honey_tree,10,40,40,
fuego-ironworks,414,honey_tree,10,40,40,
fuego-ironworks,267,honey_tree,10,40,40,
fuego-ironworks,269,honey_tree,10,40,40,
fuego-ironworks,214,honey_tree,10,40,40,
fuego-ironworks,416,honey_tree,10,40,40,
route-218,419,walking,20,38,39,Morning
route-218,423,walking,20,38,39,Morning
route-218,432,walking,10,38,39,Morning
route-218,122,walking,10,38,39,Morning
route-218,101,walking,10,38,39,Morning
route-218,132,walking,10,38,39,Morning
route-218,125,walking,10,38,39,Morning
route-218,441,walking,10,38,39,Morning
route-218,419,walking,20,38,39,Day
route-218,423,walking,20,38,39,Day
route-218,432,walking,10,38,39,Day
route-218,122,walking,10,38,39,Day
route-218,101,walking,10,38,39,Day
route-218,132,walking,10,38,39,Day
route-218,125,walking,10,38,39,Day
route-218,441,walking,10,38,39,Day
route-218,419,walking,20,38,39,Night
route-218,423,walking,20,38,39,Night
route-218,432,walking,20,38,39,Night
route-218,122,walking,10,38,39,Night
route-218,101,walking,10,38,39,Night
route-218,132,walking,10,38,39,Night
route-218,125,walking,10,38,39,Night
route-218,72,surfing,60,20,45,
route-218,422,surfing,30,20,45,
route-218,73,surfing,5,20,45,
route-218,423,surfing,5,20,45,
route-218,129,fishing_old,60,10,10,
route-218,456,fishing_old,30,10,10,
route-218,120,fishing_old,10,10,10,
route-218,129,fishing_good,60,25,25,
route-218,456,fishing_good,30,25,25,
route-218,120,fishing_good,10,25,25,
route-218,130,fishing_super,60,50,50,
route-218,457,fishing_super,30,50,50,
route-218,121,fishing_super,10,50,50,
route-218,415,honey_tree,30,39,39,
route-218,205,honey_tree,10,39,39,
route-218,413,honey_tree,10,39,39,
route-218,414,honey_tree,10,39,39,
route-218,267,honey_tree,10,39,39,
route-218,269,honey_tree,10,39,39,
route-218,214,honey_tree,10,39,39,
route-218,416,honey_tree,10,39,39,
canalave-city,72,surfing,60,30,45,
canalave-city,422,surfing,30,30,45,
canalave-city,73,surfing,5,30,45,
canalave-city,423,surfing,5,30,45,
canalave-city,129,fishing_old,60,10,10,
canalave-city,456,fishing_old,30,10,10,
canalave-city,120,fishing_old,10,10,10,
canalave-city,129,fishing_good,60,25,25,
canalave-city,456,fishing_good,30,25,25,
canalave-city,120,fishing_good,10,25,25,
canalave-city,130,fishing_super,60,50,50,
canalave-city,457,fishing_super,30,50,50,
canalave-city,121,fishing_super,10,50,50,
iron-island-outside,278,surfing,60,30,45,
iron-island-outside,72,surfing,30,30,45,
iron-island-outside,279,surfing,5,30,45,
iron-island-outside,73,surfing,5,30,45,
iron-island-outside,129,fishing_old,60,10,10,
iron-island-outside,456,fishing_old,30,10,10,
iron-island-outside,211,fishing_old,10,10,10,
iron-island-outside,129,fishing_good,60,25,25,
iron-island-outside,456,fishing_good,30,25,25,
iron-island-outside,211,fishing_good,10,25,25,
iron-island-outside,130,fishing_super,60,50,50,
iron-island-outside,457,fishing_super,30,50,50,
iron-island-outside,211,fishing_super,10,50,50,
iron-island-inside-1f-b1f,75,walking,25,41,43,Morning
iron-island-inside-1f-b1f,42,walking,20,41,43,Morning
iron-island-inside-1f-b1f,305,walking,15,41,43,Morning
iron-island-inside-1f-b1f,303,walking,10,41,43,Morning
iron-island-inside-1f-b1f,302,walking,10,41,43,Morning
iron-island-inside-1f-b1f,299,walking,10,41,43,Morning
iron-island-inside-1f-b1f,112,walking,5,41,43,Morning
iron-island-inside-1f-b1f,208,walking,5,41,43,Morning
iron-island-inside-1f-b1f,75,walking,25,41,43,Day
iron-island-inside-1f-b1f,42,walking,20,41,43,Day
iron-island-inside-1f-b1f,305,walking,15,41,43,Day
iron-island-inside-1f-b1f,303,walking,10,41,43,Day
iron-island-inside-1f-b1f,302,walking,10,41,43,Day
iron-island-inside-1f-b1f,299,walking,10,41,43,Day
iron-island-inside-1f-b1f,112,walking,5,41,43,Day
iron-island-inside-1f-b1f,208,walking,5,41,43,Day
iron-island-inside-1f-b1f,75,walking,25,41,43,Night
iron-island-inside-1f-b1f,42,walking,20,41,43,Night
iron-island-inside-1f-b1f,305,walking,15,41,43,Night
iron-island-inside-1f-b1f,303,walking,10,41,43,Night
iron-island-inside-1f-b1f,302,walking,10,41,43,Night
iron-island-inside-1f-b1f,299,walking,10,41,43,Night
iron-island-inside-1f-b1f,112,walking,5,41,43,Night
iron-island-inside-1f-b1f,208,walking,5,41,43,Night
iron-island-inside-b2f-b3f,75,walking,25,43,45,Morning
iron-island-inside-b2f-b3f,42,walking,20,43,45,Morning
iron-island-inside-b2f-b3f,305,walking,15,43,45,Morning
iron-island-inside-b2f-b3f,303,walking,10,43,45,Morning
iron-island-inside-b2f-b3f,302,walking,10,43,45,Morning
iron-island-inside-b2f-b3f,299,walking,10,43,45,Morning
iron-island-inside-b2f-b3f,112,walking,5,43,45,Morning
iron-island-inside-b2f-b3f,208,walking,5,43,45,Morning
iron-island-inside-b2f-b3f,75,walking,25,43,45,Day
iron-island-inside-b2f-b3f,42,walking,20,43,45,Day
iron-island-inside-b2f-b3f,305,walking,15,43,45,Day
iron-island-inside-b2f-b3f,303,walking,10,43,45,Day
iron-island-inside-b2f-b3f,302,walking,10,43,45,Day
iron-island-inside-b2f-b3f,299,walking,10,43,45,Day
iron-island-inside-b2f-b3f,112,walking,5,43,45,Day
iron-island-inside-b2f-b3f,208,walking,5,43,45,Day
iron-island-inside-b2f-b3f,75,walking,25,43,45,Night
iron-island-inside-b2f-b3f,42,walking,20,43,45,Night
iron-island-inside-b2f-b3f,305,walking,15,43,45,Night
iron-island-inside-b2f-b3f,303,walking,10,43,45,Night
iron-island-inside-b2f-b3f,302,walking,10,43,45,Night
iron-island-inside-b2f-b3f,299,walking,10,43,45,Night
iron-island-inside-b2f-b3f,112,walking,5,43,45,Night
iron-island-inside-b2f-b3f,208,walking,5,43,45,Night
route-217,221,walking,30,44,48,Morning
route-217,361,walking,20,44,48,Morning
route-217,215,walking,10,44,48,Morning
route-217,124,walking,10,44,48,Morning
route-217,460,walking,10,44,48,Morning
route-217,362,walking,10,44,48,Morning
route-217,225,walking,10,44,48,Morning
route-217,221,walking,30,44,48,Day
route-217,361,walking,20,44,48,Day
route-217,215,walking,10,44,48,Day
route-217,124,walking,10,44,48,Day
route-217,460,walking,10,44,48,Day
route-217,362,walking,10,44,48,Day
route-217,225,walking,10,44,48,Day
route-217,221,walking,30,44,48,Night
route-217,361,walking,20,44,48,Night
route-217,215,walking,10,44,48,Night
route-217,124,walking,10,44,48,Night
route-217,460,walking,10,44,48,Night
route-217,362,walking,10,44,48,Night
route-217,225,walking,10,44,48,Night
route-217,478,poke_radar,22,44,48,
acuity-lakefront,221,walking,30,45,49,Morning
acuity-lakefront,361,walking,20,45,49,Morning
acuity-lakefront,215,walking,10,45,49,Morning
acuity-lakefront,124,walking,10,45,49,Morning
acuity-lakefront,460,walking,10,45,49,Morning
acuity-lakefront,362,walking,10,45,49,Morning
acuity-lakefront,225,walking,10,45,49,Morning
acuity-lakefront,221,walking,30,45,49,Day
acuity-lakefront,361,walking,20,45,49,Day
acuity-lakefront,215,walking,10,45,49,Day
acuity-lakefront,124,walking,10,45,49,Day
acuity-lakefront,460,walking,10,45,49,Day
acuity-lakefront,362,walking,10,45,49,Day
acuity-lakefront,225,walking,10,45,49,Day
acuity-lakefront,221,walking,30,45,49,Night
acuity-lakefront,361,walking,20,45,49,Night
acuity-lakefront,215,walking,10,45,49,Night
acuity-lakefront,124,walking,10,45,49,Night
acuity-lakefront,460,walking,10,45,49,Night
acuity-lakefront,362,walking,10,45,49,Night
acuity-lakefront,225,walking,10,45,49,Night
acuity-lakefront,478,poke_radar,22,45,49,
snowpoint-temple,42,walking,25,47,50,Morning
snowpoint-temple,75,walking,20,47,50,Morning
snowpoint-temple,215,walking,20,47,50,Morning
snowpoint-temple,208,walking,10,47,50,Morning
snowpoint-temple,124,walking,10,47,50,Morning
snowpoint-temple,362,walking,5,47,50,Morning
snowpoint-temple,478,walking,5,47,50,Morning
snowpoint-temple,461,walking,5,47,50,Morning
snowpoint-temple,42,walking,25,47,50,Day
snowpoint-temple,75,walking,20,47,50,Day
snowpoint-temple,215,walking,20,47,50,Day
snowpoint-temple,208,walking,10,47,50,Day
snowpoint-temple,124,walking,10,47,50,Day
snowpoint-temple,362,walking,5,47,50,Day
snowpoint-temple,478,walking,5,47,50,Day
snowpoint-temple,461,walking,5,47,50,Day
snowpoint-temple,42,walking,25,47,50,Night
snowpoint-temple,75,walking,20,47,50,Night
snowpoint-temple,215,walking,20,47,50,Night
snowpoint-temple,208,walking,10,47,50,Night
snowpoint-temple,124,walking,10,47,50,Night
snowpoint-temple,362,walking,5,47,50,Night
snowpoint-temple,478,walking,5,47,50,Night
snowpoint-temple,461,walking,5,47,50,Night
lake-acuity,215,walking,30,49,51,Morning
lake-acuity,460,walking,25,49,51,Morning
lake-acuity,221,walking,20,49,51,Morning
lake-acuity,124,walking,15,49,51,Morning
lake-acuity,362,walking,10,49,51,Morning
lake-acuity,215,walking,30,49,51,Day
lake-acuity,460,walking,25,49,51,Day
lake-acuity,221,walking,20,49,51,Day
lake-acuity,124,walking,15,49,51,Day
lake-acuity,362,walking,10,49,51,Day
lake-acuity,215,walking,30,49,51,Night
lake-acuity,460,walking,25,49,51,Night
lake-acuity,221,walking,20,49,51,Night
lake-acuity,124,walking,15,49,51,Night
lake-acuity,362,walking,10,49,51,Night
lake-acuity,202,poke_radar,22,49,51,
lake-acuity,364,surfing,60,45,50,
lake-acuity,87,surfing,35,45,50,
lake-acuity,131,surfing,5,45,50,
lake-acuity,129,fishing_old,100,10,10,
lake-acuity,129,fishing_good,100,25,25,
lake-acuity,130,fishing_super,100,50,50,
mt-coronet-2f,75,walking,20,49,51,Morning
mt-coronet-2f,437,walking,20,49,51,Morning
mt-coronet-2f,35,walking,10,49,51,Morning
mt-coronet-2f,299,walking,10,49,51,Morning
mt-coronet-2f,358,walking,10,49,51,Morning
mt-coronet-2f,42,walking,10,49,51,Morning
mt-coronet-2f,375,walking,10,49,51,Morning
mt-coronet-2f,338,walking,5,49,51,Morning
mt-coronet-2f,337,walking,5,49,51,Morning
mt-coronet-2f,75,walking,20,49,51,Day
mt-coronet-2f,437,walking,20,49,51,Day
mt-coronet-2f,35,walking,10,49,51,Day
mt-coronet-2f,299,walking,10,49,51,Day
mt-coronet-2f,358,walking,10,49,51,Day
mt-coronet-2f,42,walking,10,49,51,Day
mt-coronet-2f,375,walking,10,49,51,Day
mt-coronet-2f,338,walking,5,49,51,Day
mt-coronet-2f,337,walking,5,49,51,Day
mt-coronet-2f,75,walking,20,49,51,Night
mt-coronet-2f,437,walking,20,49,51,Night
mt-coronet-2f,35,walking,10,49,51,Night
mt-coronet-2f,299,walking,10,49,51,Night
mt-coronet-2f,358,walking,10,49,51,Night
mt-coronet-2f,42,walking,10,49,51,Night
mt-coronet-2f,375,walking,10,49,51,Night
mt-coronet-2f,338,walking,5,49,51,Night
mt-coronet-2f,337,walking,5,49,51,Night
mt-coronet-3f,75,walking,20,49,51,Morning
mt-coronet-3f,437,walking,20,49,51,Morning
mt-coronet-3f,35,walking,10,49,51,Morning
mt-coronet-3f,299,walking,10,49,51,Morning
mt-coronet-3f,358,walking,10,49,51,Morning
mt-coronet-3f,42,walking,10,49,51,Morning
mt-coronet-3f,375,walking,10,49,51,Morning
mt-coronet-3f,338,walking,5,49,51,Morning
mt-coronet-3f,337,walking,5,49,51,Morning
mt-coronet-3f,75,walking,20,49,51,Day
mt-coronet-3f,437,walking,20,49,51,Day
mt-coronet-3f,35,walking,10,49,51,Day
mt-coronet-3f,299,walking,10,49,51,Day
mt-coronet-3f,358,walking,10,49,51,Day
mt-coronet-3f,42,walking,10,49,51,Day
mt-coronet-3f,375,walking,10,49,51,Day
mt-coronet-3f,338,walking,5,49,51,Day
mt-coronet-3f,337,walking,5,49,51,Day
mt-coronet-3f,75,walking,20,49,51,Night
mt-coronet-3f,437,walking,20,49,51,Night
mt-coronet-3f,35,walking,10,49,51,Night
mt-coronet-3f,299,walking,10,49,51,Night
mt-coronet-3f,358,walking,10,49,51,Night
mt-coronet-3f,42,walking,10,49,51,Night
mt-coronet-3f,375,walking,10,49,51,Night
mt-coronet-3f,338,walking,5,49,51,Night
mt-coronet-3f,337,walking,5,49,51,Night
mt-coronet-snow-area,460,walking,30,50,52,Morning
mt-coronet-snow-area,308,walking,20,50,52,Morning
mt-coronet-snow-area,294,walking,20,50,52,Morning
mt-coronet-snow-area,359,walking,10,50,52,Morning
mt-coronet-snow-area,232,walking,10,50,52,Morning
mt-coronet-snow-area,217,walking,10,50,52,Morning
mt-coronet-snow-area,460,walking,30,50,52,Day
mt-coronet-snow-area,308,walking,20,50,52,Day
mt-coronet-snow-area,294,walking,20,50,52,Day
mt-coronet-snow-area,359,walking,10,50,52,Day
mt-coronet-snow-area,232,walking,10,50,52,Day
mt-coronet-snow-area,217,walking,10,50,52,Day
mt-coronet-snow-area,460,walking,30,50,52,Night
mt-coronet-snow-area,308,walking,20,50,52,Night
mt-coronet-snow-area,294,walking,20,50,52,Night
mt-coronet-snow-area,359,walking,10,50,52,Night
mt-coronet-snow-area,232,walking,10,50,52,Night
mt-coronet-snow-area,217,walking,10,50,52,Night
mt-coronet-snow-area,36,poke_radar,22,50,52,
mt-coronet-4f,75,walking,20,50,52,Morning
mt-coronet-4f,437,walking,20,50,52,Morning
mt-coronet-4f,35,walking,10,50,52,Morning
mt-coronet-4f,299,walking,10,50,52,Morning
mt-coronet-4f,358,walking,10,50,52,Morning
mt-coronet-4f,42,walking,10,50,52,Morning
mt-coronet-4f,375,walking,10,50,52,Morning
mt-coronet-4f,338,walking,5,50,52,Morning
mt-coronet-4f,337,walking,5,50,52,Morning
mt-coronet-4f,75,walking,20,50,52,Day
mt-coronet-4f,437,walking,20,50,52,Day
mt-coronet-4f,35,walking,10,50,52,Day
mt-coronet-4f,299,walking,10,50,52,Day
mt-coronet-4f,358,walking,10,50,52,Day
mt-coronet-4f,42,walking,10,50,52,Day
mt-coronet-4f,375,walking,10,50,52,Day
mt-coronet-4f,338,walking,5,50,52,Day
mt-coronet-4f,337,walking,5,50,52,Day
mt-coronet-4f,75,walking,20,50,52,Night
mt-coronet-4f,437,walking,20,50,52,Night
mt-coronet-4f,35,walking,10,50,52,Night
mt-coronet-4f,299,walking,10,50,52,Night
mt-coronet-4f,358,walking,10,50,52,Night
mt-coronet-4f,42,walking,10,50,52,Night
mt-coronet-4f,375,walking,10,50,52,Night
mt-coronet-4f,338,walking,5,50,52,Night
mt-coronet-4f,337,walking,5,50,52,Night
mt-coronet-4f,41,surfing,90,35,55,
mt-coronet-4f,42,surfing,10,35,55,
mt-coronet-4f,129,fishing_old,60,10,10,
mt-coronet-4f,116,fishing_old,30,10,10,
mt-coronet-4f,147,fishing_old,10,10,10,
mt-coronet-4f,129,fishing_good,60,25,25,
mt-coronet-4f,116,fishing_good,30,25,25,
mt-coronet-4f,147,fishing_good,10,25,25,
mt-coronet-4f,130,fishing_super,60,50,50,
mt-coronet-4f,117,fishing_super,30,50,50,
mt-coronet-4f,148,fishing_super,10,50,50,
mt-coronet-summit,460,walking,30,51,53,Morning
mt-coronet-summit,308,walking,20,51,53,Morning
mt-coronet-summit,294,walking,20,51,53,Morning
mt-coronet-summit,359,walking,10,51,53,Morning
mt-coronet-summit,232,walking,10,51,53,Morning
mt-coronet-summit,217,walking,10,51,53,Morning
mt-coronet-summit,460,walking,30,51,53,Day
mt-coronet-summit,308,walking,20,51,53,Day
mt-coronet-summit,294,walking,20,51,53,Day
mt-coronet-summit,359,walking,10,51,53,Day
mt-coronet-summit,232,walking,10,51,53,Day
mt-coronet-summit,217,walking,10,51,53,Day
mt-coronet-summit,460,walking,30,51,53,Night
mt-coronet-summit,308,walking,20,51,53,Night
mt-coronet-summit,294,walking,20,51,53,Night
mt-coronet-summit,359,walking,10,51,53,Night
mt-coronet-summit,232,walking,10,51,53,Night
mt-coronet-summit,217,walking,10,51,53,Night
mt-coronet-summit,36,poke_radar,22,51,53,
mt-coronet-5f,75,walking,20,51,53,Morning
mt-coronet-5f,437,walking,20,51,53,Morning
mt-coronet-5f,35,walking,10,51,53,Morning
mt-coronet-5f,299,walking,10,51,53,Morning
mt-coronet-5f,358,walking,10,51,53,Morning
mt-coronet-5f,42,walking,10,51,53,Morning
mt-coronet-5f,375,walking,10,51,53,Morning
mt-coronet-5f,338,walking,5,51,53,Morning
mt-coronet-5f,337,walking,5,51,53,Morning
mt-coronet-5f,75,walking,20,51,53,Day
mt-coronet-5f,437,walking,20,51,53,Day
mt-coronet-5f,35,walking,10,51,53,Day
mt-coronet-5f,299,walking,10,51,53,Day
mt-coronet-5f,358,walking,10,51,53,Day
mt-coronet-5f,42,walking,10,51,53,Day
mt-coronet-5f,375,walking,10,51,53,Day
mt-coronet-5f,338,walking,5,51,53,Day
mt-coronet-5f,337,walking,5,51,53,Day
mt-coronet-5f,75,walking,20,51,53,Night
mt-coronet-5f,437,walking,20,51,53,Night
mt-coronet-5f,35,walking,10,51,53,Night
mt-coronet-5f,299,walking,10,51,53,Night
mt-coronet-5f,358,walking,10,51,53,Night
mt-coronet-5f,42,walking,10,51,53,Night
mt-coronet-5f,375,walking,10,51,53,Night
mt-coronet-5f,338,walking,5,51,53,Night
mt-coronet-5f,337,walking,5,51,53,Night
mt-coronet-6f,75,walking,20,51,53,Morning
mt-coronet-6f,437,walking,20,51,53,Morning
mt-coronet-6f,35,walking,10,51,53,Morning
mt-coronet-6f,299,walking,10,51,53,Morning
mt-coronet-6f,358,walking,10,51,53,Morning
mt-coronet-6f,42,walking,10,51,53,Morning
mt-coronet-6f,375,walking,10,51,53,Morning
mt-coronet-6f,338,walking,5,51,53,Morning
mt-coronet-6f,337,walking,5,51,53,Morning
mt-coronet-6f,75,walking,20,51,53,Day
mt-coronet-6f,437,walking,20,51,53,Day
mt-coronet-6f,35,walking,10,51,53,Day
mt-coronet-6f,299,walking,10,51,53,Day
mt-coronet-6f,358,walking,10,51,53,Day
mt-coronet-6f,42,walking,10,51,53,Day
mt-coronet-6f,375,walking,10,51,53,Day
mt-coronet-6f,338,walking,5,51,53,Day
mt-coronet-6f,337,walking,5,51,53,Day
mt-coronet-6f,75,walking,20,51,53,Night
mt-coronet-6f,437,walking,20,51,53,Night
mt-coronet-6f,35,walking,10,51,53,Night
mt-coronet-6f,299,walking,10,51,53,Night
mt-coronet-6f,358,walking,10,51,53,Night
mt-coronet-6f,42,walking,10,51,53,Night
mt-coronet-6f,375,walking,10,51,53,Night
mt-coronet-6f,338,walking,5,51,53,Night
mt-coronet-6f,337,walking,5,51,53,Night
mt-coronet-7f,75,walking,20,51,53,Morning
mt-coronet-7f,437,walking,20,51,53,Morning
mt-coronet-7f,35,walking,10,51,53,Morning
mt-coronet-7f,299,walking,10,51,53,Morning
mt-coronet-7f,358,walking,10,51,53,Morning
mt-coronet-7f,42,walking,10,51,53,Morning
mt-coronet-7f,375,walking,10,51,53,Morning
mt-coronet-7f,338,walking,5,51,53,Morning
mt-coronet-7f,337,walking,5,51,53,Morning
mt-coronet-7f,75,walking,20,51,53,Day
mt-coronet-7f,437,walking,20,51,53,Day
mt-coronet-7f,35,walking,10,51,53,Day
mt-coronet-7f,299,walking,10,51,53,Day
mt-coronet-7f,358,walking,10,51,53,Day
mt-coronet-7f,42,walking,10,51,53,Day
mt-coronet-7f,375,walking,10,51,53,Day
mt-coronet-7f,338,walking,5,51,53,Day
mt-coronet-7f,337,walking,5,51,53,Day
mt-coronet-7f,75,walking,20,51,53,Night
mt-coronet-7f,437,walking,20,51,53,Night
mt-coronet-7f,35,walking,10,51,53,Night
mt-coronet-7f,299,walking,10,51,53,Night
mt-coronet-7f,358,walking,10,51,53,Night
mt-coronet-7f,42,walking,10,51,53,Night
mt-coronet-7f,375,walking,10,51,53,Night
mt-coronet-7f,338,walking,5,51,53,Night
mt-coronet-7f,337,walking,5,51,53,Night
sendoff-spring,397,walking,30,53,54,Morning
sendoff-spring,400,walking,20,53,54,Morning
sendoff-spring,358,walking,20,53,54,Morning
sendoff-spring,338,walking,10,53,54,Morning
sendoff-spring,337,walking,10,53,54,Morning
sendoff-spring,356,walking,10,53,54,Morning
sendoff-spring,397,walking,30,53,54,Day
sendoff-spring,400,walking,20,53,54,Day
sendoff-spring,358,walking,20,53,54,Day
sendoff-spring,338,walking,10,53,54,Day
sendoff-spring,337,walking,10,53,54,Day
sendoff-spring,356,walking,10,53,54,Day
sendoff-spring,397,walking,30,53,54,Night
sendoff-spring,400,walking,20,53,54,Night
sendoff-spring,358,walking,20,53,54,Night
sendoff-spring,338,walking,10,53,54,Night
sendoff-spring,337,walking,10,53,54,Night
sendoff-spring,356,walking,10,53,54,Night
sendoff-spring,202,poke_radar,22,53,54,
sendoff-spring,55,surfing,100,45,55,
sendoff-spring,129,fishing_old,100,10,10,
sendoff-spring,129,fishing_good,100,25,25,
sendoff-spring,130,fishing_super,100,50,50,
lake-valor,397,walking,30,53,54,Morning
lake-valor,400,walking,30,53,54,Morning
lake-valor,284,walking,20,53,54,Morning
lake-valor,108,walking,10,53,54,Morning
lake-valor,55,walking,10,53,54,Morning
lake-valor,397,walking,30,53,54,Day
lake-valor,400,walking,30,53,54,Day
lake-valor,284,walking,20,53,54,Day
lake-valor,108,walking,10,53,54,Day
lake-valor,55,walking,10,53,54,Day
lake-valor,397,walking,30,53,54,Night
lake-valor,400,walking,30,53,54,Night
lake-valor,284,walking,20,53,54,Night
lake-valor,108,walking,10,53,54,Night
lake-valor,55,walking,10,53,54,Night
lake-valor,202,poke_radar,22,53,54,
lake-valor,283,surfing,90,35,55,
lake-valor,284,surfing,10,35,55,
lake-valor,129,fishing_old,100,10,10,
lake-valor,129,fishing_good,100,25,25,
lake-valor,130,fishing_super,100,50,50,
turnback-cave,93,walking,30,0,0,Morning
turnback-cave,42,walking,25,0,0,Morning
turnback-cave,437,walking,15,0,0,Morning
turnback-cave,358,walking,10,0,0,Morning
turnback-cave,356,walking,10,0,0,Morning
turnback-cave,354,walking,10,0,0,Morning
turnback-cave,93,walking,30,0,0,Day
turnback-cave,42,walking,25,0,0,Day
turnback-cave,437,walking,15,0,0,Day
turnback-cave,358,walking,10,0,0,Day
turnback-cave,356,walking,10,0,0,Day
turnback-cave,354,walking,10,0,0,Day
turnback-cave,93,walking,30,0,0,Night
turnback-cave,42,walking,25,0,0,Night
turnback-cave,437,walking,15,0,0,Night
turnback-cave,358,walking,10,0,0,Night
turnback-cave,356,walking,10,0,0,Night
turnback-cave,354,walking,10,0,0,Night
route-222,125,walking,20,53,54,Morning
route-222,419,walking,20,53,54,Morning
route-222,404,walking,10,53,54,Morning
route-222,432,walking,10,53,54,Morning
route-222,279,walking,10,53,54,Morning
route-222,180,walking,10,53,54,Morning
route-222,122,walking,10,53,54,Morning
route-222,441,walking,10,53,54,Morning
route-222,125,walking,20,53,54,Day
route-222,419,walking,20,53,54,Day
route-222,404,walking,10,53,54,Day
route-222,432,walking,10,53,54,Day
route-222,279,walking,10,53,54,Day
route-222,180,walking,10,53,54,Day
route-222,122,walking,10,53,54,Day
route-222,441,walking,10,53,54,Day
route-222,125,walking,20,53,54,Night
route-222,419,walking,20,53,54,Night
route-222,404,walking,20,53,54,Night
route-222,432,walking,10,53,54,Night
route-222,279,walking,10,53,54,Night
route-222,180,walking,10,53,54,Night
route-222,122,walking,10,53,54,Night
route-222,301,poke_radar,22,53,54,
route-222,72,surfing,60,35,55,
route-222,278,surfing,30,35,55,
route-222,73,surfing,5,35,55,
route-222,279,surfing,5,35,55,
route-222,129,fishing_old,60,10,10,
route-222,223,fishing_old,30,10,10,
route-222,320,fishing_old,10,10,10,
route-222,129,fishing_good,60,25,25,
route-222,223,fishing_good,30,25,25,
route-222,320,fishing_good,10,25,25,
route-222,130,fishing_super,60,50,50,
route-222,320,fishing_super,30,50,50,
route-222,224,fishing_super,5,50,50,
route-222,321,fishing_super,5,50,50,
route-222,114,honey_tree,30,54,54,
route-222,214,honey_tree,30,54,54,
route-222,83,honey_tree,30,54,54,
route-222,143,honey_tree,10,54,54,
sunyshore-city,73,surfing,60,50,60,
sunyshore-city,279,surfing,30,50,60,
sunyshore-city,226,surfing,10,50,60,
sunyshore-city,129,fishing_old,60,10,10,
sunyshore-city,98,fishing_old,30,10,10,
sunyshore-city,120,fishing_old,10,10,10,
sunyshore-city,129,fishing_good,60,25,25,
sunyshore-city,98,fishing_good,30,25,25,
sunyshore-city,120,fishing_good,10,25,25,
sunyshore-city,130,fishing_super,60,50,50,
sunyshore-city,99,fishing_super,30,50,50,
sunyshore-city,121,fishing_super,10,50,50,
route-223,73,surfing,60,50,60,
route-223,279,surfing,30,50,60,
route-223,226,surfing,10,50,60,
route-223,129,fishing_old,60,10,10,
route-223,223,fishing_old,30,10,10,
route-223,320,fishing_old,10,10,10,
route-223,129,fishing_good,60,25,25,
route-223,223,fishing_good,30,25,25,
route-223,320,fishing_good,10,25,25,
route-223,130,fishing_super,60,50,50,
route-223,320,fishing_super,30,50,50,
route-223,224,fishing_super,5,50,50,
route-223,321,fishing_super,5,50,50,
pokemon-league,73,surfing,60,50,60,
pokemon-league,279,surfing,30,50,60,
pokemon-league,226,surfing,10,50,60,
pokemon-league,129,fishing_old,60,10,10,
pokemon-league,370,fishing_old,30,10,10,
pokemon-league,222,fishing_old,10,10,10,
pokemon-league,129,fishing_good,60,25,25,
pokemon-league,370,fishing_good,30,25,25,
pokemon-league,222,fishing_good,10,25,25,
pokemon-league,130,fishing_super,60,50,50,
pokemon-league,370,fishing_super,30,50,50,
pokemon-league,222,fishing_super,10,50,50,
victory-road-1f,67,walking,20,59,59,Morning
victory-road-1f,42,walking,20,59,59,Morning
victory-road-1f,75,walking,10,59,59,Morning
victory-road-1f,308,walking,10,59,59,Morning
victory-road-1f,297,walking,10,59,59,Morning
victory-road-1f,444,walking,10,59,59,Morning
victory-road-1f,112,walking,10,59,59,Morning
victory-road-1f,208,walking,10,59,59,Morning
victory-road-1f,67,walking,20,59,59,Day
victory-road-1f,42,walking,20,59,59,Day
victory-road-1f,75,walking,10,59,59,Day
victory-road-1f,308,walking,10,59,59,Day
victory-road-1f,297,walking,10,59,59,Day
victory-road-1f,444,walking,10,59,59,Day
victory-road-1f,112,walking,10,59,59,Day
victory-road-1f,208,walking,10,59,59,Day
victory-road-1f,67,walking,20,59,59,Night
victory-road-1f,42,walking,20,59,59,Night
victory-road-1f,75,walking,10,59,59,Night
victory-road-1f,308,walking,10,59,59,Night
victory-road-1f,297,walking,10,59,59,Night
victory-road-1f,444,walking,10,59,59,Night
victory-road-1f,112,walking,10,59,59,Night
victory-road-1f,208,walking,10,59,59,Night
victory-road-2f,208,walking,20,59,59,Morning
victory-road-2f,82,walking,20,59,59,Morning
victory-road-2f,75,walking,10,59,59,Morning
victory-road-2f,64,walking,10,59,59,Morning
victory-road-2f,108,walking,10,59,59,Morning
victory-road-2f,42,walking,10,59,59,Morning
victory-road-2f,105,walking,10,59,59,Morning
victory-road-2f,444,walking,10,59,59,Morning
victory-road-2f,208,walking,20,59,59,Day
victory-road-2f,82,walking,20,59,59,Day
victory-road-2f,75,walking,10,59,59,Day
victory-road-2f,64,walking,10,59,59,Day
victory-road-2f,108,walking,10,59,59,Day
victory-road-2f,42,walking,10,59,59,Day
victory-road-2f,105,walking,10,59,59,Day
victory-road-2f,444,walking,10,59,59,Day
victory-road-2f,208,walking,20,59,59,Night
victory-road-2f,82,walking,20,59,59,Night
victory-road-2f,75,walking,10,59,59,Night
victory-road-2f,64,walking,10,59,59,Night
victory-road-2f,108,walking,10,59,59,Night
victory-road-2f,42,walking,10,59,59,Night
victory-road-2f,105,walking,10,59,59,Night
victory-road-2f,444,walking,10,59,59,Night
victory-road-b1f,184,walking,20,59,59,Morning
victory-road-b1f,419,walking,20,59,59,Morning
victory-road-b1f,75,walking,10,59,59,Morning
victory-road-b1f,303,walking,10,59,59,Morning
victory-road-b1f,302,walking,10,59,59,Morning
victory-road-b1f,87,walking,10,59,59,Morning
victory-road-b1f,42,walking,10,59,59,Morning
victory-road-b1f,444,walking,10,59,59,Morning
victory-road-b1f,184,walking,20,59,59,Day
victory-road-b1f,419,walking,20,59,59,Day
victory-road-b1f,75,walking,10,59,59,Day
victory-road-b1f,303,walking,10,59,59,Day
victory-road-b1f,302,walking,10,59,59,Day
victory-road-b1f,87,walking,10,59,59,Day
victory-road-b1f,42,walking,10,59,59,Day
victory-road-b1f,444,walking,10,59,59,Day
victory-road-b1f,184,walking,20,59,59,Night
victory-road-b1f,419,walking,20,59,59,Night
victory-road-b1f,75,walking,10,59,59,Night
victory-road-b1f,303,walking,10,59,59,Night
victory-road-b1f,302,walking,10,59,59,Night
victory-road-b1f,87,walking,10,59,59,Night
victory-road-b1f,42,walking,10,59,59,Night
victory-road-b1f,444,walking,10,59,59,Night
victory-road-b1f,419,surfing,65,50,60,
victory-road-b1f,42,surfing,35,50,60,
victory-road-b1f,129,fishing_old,100,10,10,
victory-road-b1f,129,fishing_good,100,25,25,
victory-road-b1f,130,fishing_super,100,50,50,
victory-road-1f-back-1,184,walking,20,59,59,Morning
victory-road-1f-back-1,419,walking,20,59,59,Morning
victory-road-1f-back-1,75,walking,10,59,59,Morning
victory-road-1f-back-1,67,walking,10,59,59,Morning
victory-road-1f-back-1,308,walking,10,59,59,Morning
victory-road-1f-back-1,208,walking,10,59,59,Morning
victory-road-1f-back-1,42,walking,10,59,59,Morning
victory-road-1f-back-1,444,walking,10,59,59,Morning
victory-road-1f-back-1,184,walking,20,59,59,Day
victory-road-1f-back-1,419,walking,20,59,59,Day
victory-road-1f-back-1,75,walking,10,59,59,Day
victory-road-1f-back-1,67,walking,10,59,59,Day
victory-road-1f-back-1,308,walking,10,59,59,Day
victory-road-1f-back-1,208,walking,10,59,59,Day
victory-road-1f-back-1,42,walking,10,59,59,Day
victory-road-1f-back-1,444,walking,10,59,59,Day
victory-road-1f-back-1,184,walking,20,59,59,Night
victory-road-1f-back-1,419,walking,20,59,59,Night
victory-road-1f-back-1,75,walking,10,59,59,Night
victory-road-1f-back-1,67,walking,10,59,59,Night
victory-road-1f-back-1,308,walking,10,59,59,Night
victory-road-1f-back-1,208,walking,10,59,59,Night
victory-road-1f-back-1,42,walking,10,59,59,Night
victory-road-1f-back-1,444,walking,10,59,59,Night
victory-road-1f-back-2,184,walking,20,59,59,Morning
victory-road-1f-back-2,419,walking,20,59,59,Morning
victory-road-1f-back-2,75,walking,10,59,59,Morning
victory-road-1f-back-2,67,walking,10,59,59,Morning
victory-road-1f-back-2,308,walking,10,59,59,Morning
victory-road-1f-back-2,87,walking,10,59,59,Morning
victory-road-1f-back-2,42,walking,10,59,59,Morning
victory-road-1f-back-2,444,walking,10,59,59,Morning
victory-road-1f-back-2,184,walking,20,59,59,Day
victory-road-1f-back-2,419,walking,20,59,59,Day
victory-road-1f-back-2,75,walking,10,59,59,Day
victory-road-1f-back-2,67,walking,10,59,59,Day
victory-road-1f-back-2,308,walking,10,59,59,Day
victory-road-1f-back-2,87,walking,10,59,59,Day
victory-road-1f-back-2,42,walking,10,59,59,Day
victory-road-1f-back-2,444,walking,10,59,59,Day
victory-road-1f-back-2,184,walking,20,59,59,Night
victory-road-1f-back-2,419,walking,20,59,59,Night
victory-road-1f-back-2,75,walking,10,59,59,Night
victory-road-1f-back-2,67,walking,10,59,59,Night
victory-road-1f-back-2,308,walking,10,59,59,Night
victory-road-1f-back-2,87,walking,10,59,59,Night
victory-road-1f-back-2,42,walking,10,59,59,Night
victory-road-1f-back-2,444,walking,10,59,59,Night
victory-road-1f-back-2,364,surfing,60,50,60,
victory-road-1f-back-2,87,surfing,30,50,60,
victory-road-1f-back-2,131,surfing,10,50,60,
victory-road-1f-back-2,129,fishing_old,100,10,10,
victory-road-1f-back-2,129,fishing_good,100,25,25,
victory-road-1f-back-2,130,fishing_super,100,50,50,
victory-road-1f-back-3,184,walking,20,59,59,Morning
victory-road-1f-back-3,419,walking,20,59,59,Morning
victory-road-1f-back-3,75,walking,10,59,59,Morning
victory-road-1f-back-3,67,walking,10,59,59,Morning
victory-road-1f-back-3,308,walking,10,59,59,Morning
victory-road-1f-back-3,208,walking,10,59,59,Morning
victory-road-1f-back-3,42,walking,10,59,59,Morning
victory-road-1f-back-3,444,walking,10,59,59,Morning
victory-road-1f-back-3,184,walking,20,59,59,Day
victory-road-1f-back-3,419,walking,20,59,59,Day
victory-road-1f-back-3,75,walking,10,59,59,Day
victory-road-1f-back-3,67,walking,10,59,59,Day
victory-road-1f-back-3,308,walking,10,59,59,Day
victory-road-1f-back-3,208,walking,10,59,59,Day
victory-road-1f-back-3,42,walking,10,59,59,Day
victory-road-1f-back-3,444,walking,10,59,59,Day
victory-road-1f-back-3,184,walking,20,59,59,Night
victory-road-1f-back-3,419,walking,20,59,59,Night
victory-road-1f-back-3,75,walking,10,59,59,Night
victory-road-1f-back-3,67,walking,10,59,59,Night
victory-road-1f-back-3,308,walking,10,59,59,Night
victory-road-1f-back-3,208,walking,10,59,59,Night
victory-road-1f-back-3,42,walking,10,59,59,Night
victory-road-1f-back-3,444,walking,10,59,59,Night
route-224,267,walking,20,59,59,Morning
route-224,269,walking,20,59,59,Morning
route-224,70,walking,10,59,59,Morning
route-224,441,walking,10,59,59,Morning
route-224,315,walking,10,59,59,Morning
route-224,423,walking,10,59,59,Morning
route-224,213,walking,10,59,59,Morning
route-224,178,walking,10,59,59,Morning
route-224,267,walking,20,59,59,Day
route-224,269,walking,20,59,59,Day
route-224,70,walking,10,59,59,Day
route-224,441,walking,10,59,59,Day
route-224,315,walking,10,59,59,Day
route-224,423,walking,10,59,59,Day
route-224,213,walking,10,59,59,Day
route-224,178,walking,10,59,59,Day
route-224,267,walking,20,59,59,Night
route-224,269,walking,20,59,59,Night
route-224,70,walking,10,59,59,Night
route-224,44,walking,10,59,59,Night
route-224,315,walking,10,59,59,Night
route-224,423,walking,10,59,59,Night
route-224,213,walking,10,59,59,Night
route-224,178,walking,10,59,59,Night
route-224,73,surfing,60,50,60,
route-224,279,surfing,30,50,60,
route-224,423,surfing,10,50,60,
route-224,129,fishing_old,60,10,10,
route-224,370,fishing_old,30,10,10,
route-224,222,fishing_old,10,10,10,
route-224,129,fishing_good,60,25,25,
route-224,370,fishing_good,30,25,25,
route-224,222,fishing_good,10,25,25,
route-224,130,fishing_super,60,50,50,
route-224,370,fishing_super,30,50,50,
route-224,222,fishing_super,10,50,50,
turnback-cave-2,42,walking,20,65,66,Morning
turnback-cave-2,93,walking,20,65,66,Morning
turnback-cave-2,356,walking,10,65,66,Morning
turnback-cave-2,354,walking,10,65,66,Morning
turnback-cave-2,437,walking,10,65,66,Morning
turnback-cave-2,358,walking,10,65,66,Morning
turnback-cave-2,337,walking,10,65,66,Morning
turnback-cave-2,338,walking,10,65,66,Morning
turnback-cave-2,42,walking,20,65,66,Day
turnback-cave-2,93,walking,20,65,66,Day
turnback-cave-2,356,walking,10,65,66,Day
turnback-cave-2,354,walking,10,65,66,Day
turnback-cave-2,437,walking,10,65,66,Day
turnback-cave-2,358,walking,10,65,66,Day
turnback-cave-2,337,walking,10,65,66,Day
turnback-cave-2,338,walking,10,65,66,Day
turnback-cave-2,42,walking,20,65,66,Night
turnback-cave-2,93,walking,20,65,66,Night
turnback-cave-2,356,walking,10,65,66,Night
turnback-cave-2,354,walking,10,65,66,Night
turnback-cave-2,437,walking,10,65,66,Night
turnback-cave-2,358,walking,10,65,66,Night
turnback-cave-2,337,walking,10,65,66,Night
turnback-cave-2,338,walking,10,65,66,Night
route-225,22,walking,20,65,67,Morning
route-225,67,walking,20,65,67,Morning
route-225,75,walking,20,65,67,Morning
route-225,20,walking,15,65,67,Morning
route-225,57,walking,15,65,67,Morning
route-225,297,walking,5,65,67,Morning
route-225,326,walking,5,65,67,Morning
route-225,22,walking,20,65,67,Day
route-225,67,walking,20,65,67,Day
route-225,75,walking,20,65,67,Day
route-225,20,walking,15,65,67,Day
route-225,57,walking,15,65,67,Day
route-225,297,walking,5,65,67,Day
route-225,326,walking,5,65,67,Day
route-225,22,walking,20,65,67,Night
route-225,67,walking,20,65,67,Night
route-225,75,walking,20,65,67,Night
route-225,20,walking,15,65,67,Night
route-225,57,walking,15,65,67,Night
route-225,297,walking,5,65,67,Night
route-225,326,walking,5,65,67,Night
route-225,61,surfing,60,65,67,
route-225,55,surfing,40,65,67,
route-225,129,fishing_old,65,10,10,
route-225,339,fishing_old,35,10,10,
route-225,129,fishing_good,65,25,25,
route-225,339,fishing_good,35,25,25,
route-225,130,fishing_super,65,50,50,
route-225,340,fishing_super,35,50,50,
route-226,20,walking,20,65,67,Morning
route-226,22,walking,20,65,67,Morning
route-226,24,walking,15,65,67,Morning
route-226,28,walking,15,65,67,Morning
route-226,78,walking,10,65,67,Morning
route-226,85,walking,10,65,67,Morning
route-226,99,walking,10,65,67,Morning
route-226,20,walking,20,65,67,Day
route-226,22,walking,20,65,67,Day
route-226,24,walking,15,65,67,Day
route-226,28,walking,15,65,67,Day
route-226,78,walking,10,65,67,Day
route-226,85,walking,10,65,67,Day
route-226,99,walking,10,65,67,Day
route-226,20,walking,20,65,67,Night
route-226,22,walking,20,65,67,Night
route-226,24,walking,15,65,67,Night
route-226,28,walking,15,65,67,Night
route-226,78,walking,10,65,67,Night
route-226,85,walking,10,65,67,Night
route-226,99,walking,10,65,67,Night
route-226,279,surfing,60,65,67,
route-226,73,surfing,40,65,67,
route-226,129,fishing_old,60,10,10,
route-226,116,fishing_old,30,10,10,
route-226,369,fishing_old,10,10,10,
route-226,129,fishing_good,60,25,25,
route-226,116,fishing_good,30,25,25,
route-226,369,fishing_good,10,25,25,
route-226,130,fishing_super,60,50,50,
route-226,117,fishing_super,30,50,50,
route-226,369,fishing_super,10,50,50,
route-227,112,walking,20,65,67,Morning
route-227,323,walking,20,65,67,Morning
route-227,227,walking,15,65,67,Morning
route-227,207,walking,15,65,67,Morning
route-227,110,walking,10,65,67,Morning
route-227,324,walking,10,65,67,Morning
route-227,327,walking,10,65,67,Morning
route-227,112,walking,20,65,67,Day
route-227,323,walking,20,65,67,Day
route-227,227,walking,15,65,67,Day
route-227,207,walking,15,65,67,Day
route-227,110,walking,10,65,67,Day
route-227,324,walking,10,65,67,Day
route-227,327,walking,10,65,67,Day
route-227,112,walking,20,65,67,Night
route-227,323,walking,20,65,67,Night
route-227,227,walking,15,65,67,Night
route-227,207,walking,15,65,67,Night
route-227,110,walking,10,65,67,Night
route-227,324,walking,10,65,67,Night
route-227,327,walking,10,65,67,Night
route-227,61,surfing,100,65,67,
route-227,129,fishing_old,65,10,10,
route-227,339,fishing_old,35,10,10,
route-227,129,fishing_good,65,25,25,
route-227,339,fishing_good,35,25,25,
route-227,130,fishing_super,65,50,50,
route-227,340,fishing_super,35,50,50,
route-228,332,walking,20,65,67,Morning
route-228,28,walking,20,65,67,Morning
route-228,51,walking,20,65,67,Morning
route-228,329,walking,10,65,67,Morning
route-228,344,walking,10,65,67,Morning
route-228,450,walking,10,65,67,Morning
route-228,375,walking,5,65,67,Morning
route-228,444,walking,5,65,67,Morning
route-228,332,walking,20,65,67,Day
route-228,28,walking,20,65,67,Day
route-228,51,walking,20,65,67,Day
route-228,329,walking,10,65,67,Day
route-228,344,walking,10,65,67,Day
route-228,450,walking,10,65,67,Day
route-228,375,walking,5,65,67,Day
route-228,444,walking,5,65,67,Day
route-228,332,walking,20,65,67,Night
route-228,28,walking,20,65,67,Night
route-228,51,walking,20,65,67,Night
route-228,329,walking,10,65,67,Night
route-228,344,walking,10,65,67,Night
route-228,450,walking,10,65,67,Night
route-228,375,walking,5,65,67,Night
route-228,444,walking,5,65,67,Night
route-228,61,surfing,100,65,67,
route-228,129,fishing_old,65,10,10,
route-228,339,fishing_old,35,10,10,
route-228,129,fishing_good,65,25,25,
route-228,339,fishing_good,35,25,25,
route-228,130,fishing_super,65,50,50,
route-228,340,fishing_super,35,50,50,
route-229,123,walking,20,65,67,Morning
route-229,127,walking,20,65,67,Morning
route-229,166,walking,20,65,67,Morning
route-229,315,walking,15,65,67,Morning
route-229,49,walking,10,65,67,Morning
route-229,314,walking,5,65,67,Morning
route-229,313,walking,5,65,67,Morning
route-229,70,walking,5,65,67,Morning
route-229,123,walking,20,65,67,Day
route-229,127,walking,20,65,67,Day
route-229,191,walking,20,65,67,Day
route-229,315,walking,15,65,67,Day
route-229,49,walking,10,65,67,Day
route-229,314,walking,5,65,67,Day
route-229,313,walking,5,65,67,Day
route-229,70,walking,5,65,67,Day
route-229,123,walking,20,65,67,Night
route-229,127,walking,20,65,67,Night
route-229,168,walking,20,65,67,Night
route-229,315,walking,15,65,67,Night
route-229,49,walking,10,65,67,Night
route-229,314,walking,5,65,67,Night
route-229,313,walking,5,65,67,Night
route-229,70,walking,5,65,67,Night
route-229,284,surfing,100,65,67,
route-229,129,fishing_old,65,10,10,
route-229,118,fishing_old,35,10,10,
route-229,129,fishing_good,65,25,25,
route-229,118,fishing_good,35,25,25,
route-229,130,fishing_super,65,50,50,
route-229,119,fishing_super,35,50,50,
resort-area,129,surfing,100,1,100,
resort-area,129,fishing_old,100,1,100,
resort-area,129,fishing_good,100,1,100,
resort-area,129,fishing_super,100,1,100,
route-230,279,walking,20,65,67,Morning
route-230,419,walking,20,65,67,Morning
route-230,423,walking,15,65,67,Morning
route-230,55,walking,10,65,67,Morning
route-230,357,walking,10,65,67,Morning
route-230,335,walking,10,65,67,Morning
route-230,336,walking,10,65,67,Morning
route-230,176,walking,5,65,67,Morning
route-230,279,walking,20,65,67,Day
route-230,419,walking,20,65,67,Day
route-230,423,walking,15,65,67,Day
route-230,55,walking,10,65,67,Day
route-230,357,walking,10,65,67,Day
route-230,335,walking,10,65,67,Day
route-230,336,walking,10,65,67,Day
route-230,176,walking,5,65,67,Day
route-230,279,walking,20,65,67,Night
route-230,419,walking,20,65,67,Night
route-230,423,walking,15,65,67,Night
route-230,55,walking,10,65,67,Night
route-230,357,walking,10,65,67,Night
route-230,335,walking,10,65,67,Night
route-230,336,walking,10,65,67,Night
route-230,176,walking,5,65,67,Night
route-230,364,surfing,60,65,67,
route-230,73,surfing,40,65,67,
route-230,129,fishing_old,60,10,10,
route-230,222,fishing_old,30,10,10,
route-230,320,fishing_old,10,10,10,
route-230,129,fishing_good,65,25,25,
route-230,222,fishing_good,30,25,25,
route-230,320,fishing_good,10,25,25,
route-230,130,fishing_super,65,50,50,
route-230,222,fishing_super,30,50,50,
route-230,321,fishing_super,10,50,50,
stark-mountain-outside,22,walking,20,66,68,Morning
stark-mountain-outside,112,walking,20,66,68,Morning
stark-mountain-outside,323,walking,10,66,68,Morning
stark-mountain-outside,67,walking,10,66,68,Morning
stark-mountain-outside,227,walking,10,66,68,Morning
stark-mountain-outside,207,walking,10,66,68,Morning
stark-mountain-outside,126,walking,10,66,68,Morning
stark-mountain-outside,324,walking,10,66,68,Morning
stark-mountain-outside,22,walking,20,66,68,Day
stark-mountain-outside,112,walking,20,66,68,Day
stark-mountain-outside,323,walking,10,66,68,Day
stark-mountain-outside,67,walking,10,66,68,Day
stark-mountain-outside,227,walking,10,66,68,Day
stark-mountain-outside,207,walking,10,66,68,Day
stark-mountain-outside,126,walking,10,66,68,Day
stark-mountain-outside,324,walking,10,66,68,Day
stark-mountain-outside,22,walking,20,66,68,Night
stark-mountain-outside,112,walking,20,66,68,Night
stark-mountain-outside,323,walking,10,66,68,Night
stark-mountain-outside,67,walking,10,66,68,Night
stark-mountain-outside,227,walking,10,66,68,Night
stark-mountain-outside,207,walking,10,66,68,Night
stark-mountain-outside,126,walking,10,66,68,Night
stark-mountain-outside,324,walking,10,66,68,Night
stark-mountain-entrance,42,walking,20,67,69,Morning
stark-mountain-entrance,112,walking,20,67,69,Morning
stark-mountain-entrance,219,walking,10,67,69,Morning
stark-mountain-entrance,75,walking,10,67,69,Morning
stark-mountain-entrance,67,walking,10,67,69,Morning
stark-mountain-entrance,110,walking,10,67,69,Morning
stark-mountain-entrance,89,walking,10,67,69,Morning
stark-mountain-entrance,324,walking,10,67,69,Morning
stark-mountain-entrance,42,walking,20,67,69,Day
stark-mountain-entrance,112,walking,20,67,69,Day
stark-mountain-entrance,219,walking,10,67,69,Day
stark-mountain-entrance,75,walking,10,67,69,Day
stark-mountain-entrance,67,walking,10,67,69,Day
stark-mountain-entrance,110,walking,10,67,69,Day
stark-mountain-entrance,89,walking,10,67,69,Day
stark-mountain-entrance,324,walking,10,67,69,Day
stark-mountain-entrance,42,walking,20,67,69,Night
stark-mountain-entrance,112,walking,20,67,69,Night
stark-mountain-entrance,219,walking,10,67,69,Night
stark-mountain-entrance,75,walking,10,67,69,Night
stark-mountain-entrance,67,walking,10,67,69,Night
stark-mountain-entrance,110,walking,10,67,69,Night
stark-mountain-entrance,89,walking,10,67,69,Night
stark-mountain-entrance,324,walking,10,67,69,Night
stark-mountain-interior,219,walking,20,67,69,Morning
stark-mountain-interior,112,walking,20,67,69,Morning
stark-mountain-interior,42,walking,10,67,69,Morning
stark-mountain-interior,75,walking,10,67,69,Morning
stark-mountain-interior,67,walking,10,67,69,Morning
stark-mountain-interior,110,walking,10,67,69,Morning
stark-mountain-interior,89,walking,10,67,69,Morning
stark-mountain-interior,324,walking,10,67,69,Morning
stark-mountain-interior,219,walking,20,67,69,Day
stark-mountain-interior,112,walking,20,67,69,Day
stark-mountain-interior,42,walking,10,67,69,Day
stark-mountain-interior,75,walking,10,67,69,Day
stark-mountain-interior,67,walking,10,67,69,Day
stark-mountain-interior,110,walking,10,67,69,Day
stark-mountain-interior,89,walking,10,67,69,Day
stark-mountain-interior,324,walking,10,67,69,Day
stark-mountain-interior,219,walking,20,67,69,Night
stark-mountain-interior,112,walking,20,67,69,Night
stark-mountain-interior,42,walking,10,67,69,Night
stark-mountain-interior,75,walking,10,67,69,Night
stark-mountain-interior,67,walking,10,67,69,Night
stark-mountain-interior,110,walking,10,67,69,Night
stark-mountain-interior,89,walking,10,67,69,Night
stark-mountain-interior,324,walking,10,67,69,Night
